2012	mens-road-race-individual	Gold	KAZ	Aleksandr Vinokurov	aleksandr-vinokurov-1	http://www.sports-reference.com/olympics/athletes/vi/aleksandr-vinokurov-1.html
2012	mens-road-race-individual	Silver	COL	Rigoberto UrÃ¡n	rigoberto-uran-1	http://www.sports-reference.com/olympics/athletes/ur/rigoberto-uran-1.html
2012	mens-road-race-individual	Bronze	NOR	Alexander Kristoff	alexander-kristoff-1	http://www.sports-reference.com/olympics/athletes/kr/alexander-kristoff-1.html
2008	mens-road-race-individual	Gold	ESP	Samuel SÃ¡nchez	samuel-sanchez-1	http://www.sports-reference.com/olympics/athletes/sa/samuel-sanchez-1.html
2008	mens-road-race-individual	Silver	SUI	Fabian Cancellara	fabian-cancellara-1	http://www.sports-reference.com/olympics/athletes/ca/fabian-cancellara-1.html
2008	mens-road-race-individual	Bronze	RUS	Aleksandr Kolobnev	aleksandr-kolobnev-1	http://www.sports-reference.com/olympics/athletes/ko/aleksandr-kolobnev-1.html
2004	mens-road-race-individual	Gold	ITA	Paolo Bettini	paolo-bettini-1	http://www.sports-reference.com/olympics/athletes/be/paolo-bettini-1.html
2004	mens-road-race-individual	Silver	POR	SÃ©rgio Paulinho	sergio-paulinho-1	http://www.sports-reference.com/olympics/athletes/pa/sergio-paulinho-1.html
2004	mens-road-race-individual	Bronze	BEL	Axel Merckx	axel-merckx-1	http://www.sports-reference.com/olympics/athletes/me/axel-merckx-1.html
2000	mens-road-race-individual	Gold	GER	Jan Ullrich	jan-ullrich-1	http://www.sports-reference.com/olympics/athletes/ul/jan-ullrich-1.html
2000	mens-road-race-individual	Silver	KAZ	Aleksandr Vinokurov	aleksandr-vinokurov-1	http://www.sports-reference.com/olympics/athletes/vi/aleksandr-vinokurov-1.html
2000	mens-road-race-individual	Bronze	GER	Andreas KlÃ¶den	andreas-kloden-1	http://www.sports-reference.com/olympics/athletes/kl/andreas-kloden-1.html
1996	mens-road-race-individual	Gold	SUI	Pascal Richard	pascal-richard-1	http://www.sports-reference.com/olympics/athletes/ri/pascal-richard-1.html
1996	mens-road-race-individual	Silver	DEN	Rolf SÃ¸rensen	rolf-sorensen-1	http://www.sports-reference.com/olympics/athletes/so/rolf-sorensen-1.html
1996	mens-road-race-individual	Bronze	GBR	Max Sciandri	max-sciandri-1	http://www.sports-reference.com/olympics/athletes/sc/max-sciandri-1.html
1992	mens-road-race-individual	Gold	ITA	Fabio Casartelli	fabio-casartelli-1	http://www.sports-reference.com/olympics/athletes/ca/fabio-casartelli-1.html
1992	mens-road-race-individual	Silver	NED	Erik Dekker	erik-dekker-1	http://www.sports-reference.com/olympics/athletes/de/erik-dekker-1.html
1992	mens-road-race-individual	Bronze	LAT	Dainis Ozols	dainis-ozols-1	http://www.sports-reference.com/olympics/athletes/oz/dainis-ozols-1.html
1988	mens-road-race-individual	Gold	GDR	Olaf Ludwig	olaf-ludwig-1	http://www.sports-reference.com/olympics/athletes/lu/olaf-ludwig-1.html
1988	mens-road-race-individual	Silver	FRG	Bernd GrÃ¶ne	bernd-grone-1	http://www.sports-reference.com/olympics/athletes/gr/bernd-grone-1.html
1988	mens-road-race-individual	Bronze	FRG	Christian Henn	christian-henn-1	http://www.sports-reference.com/olympics/athletes/he/christian-henn-1.html
1984	mens-road-race-individual	Gold	USA	Alexi Grewal	alexi-grewal-1	http://www.sports-reference.com/olympics/athletes/gr/alexi-grewal-1.html
1984	mens-road-race-individual	Silver	CAN	Steve Bauer	steve-bauer-1	http://www.sports-reference.com/olympics/athletes/ba/steve-bauer-1.html
1984	mens-road-race-individual	Bronze	NOR	Dag Otto Lauritzen	dag-otto-lauritzen-1	http://www.sports-reference.com/olympics/athletes/la/dag-otto-lauritzen-1.html
1980	mens-road-race-individual	Gold	URS	Sergey Sukhoruchenkov	sergey-sukhoruchenkov-1	http://www.sports-reference.com/olympics/athletes/su/sergey-sukhoruchenkov-1.html
1980	mens-road-race-individual	Silver	POL	CzesÅaw Lang	czeslaw-lang-1	http://www.sports-reference.com/olympics/athletes/la/czeslaw-lang-1.html
1980	mens-road-race-individual	Bronze	URS	Yury Barinov	yury-barinov-1	http://www.sports-reference.com/olympics/athletes/ba/yury-barinov-1.html
1976	mens-road-race-individual	Gold	SWE	Bernt Johansson	bernt-johansson-1	http://www.sports-reference.com/olympics/athletes/jo/bernt-johansson-1.html
1976	mens-road-race-individual	Silver	ITA	Giuseppe Martinelli	giuseppe-martinelli-1	http://www.sports-reference.com/olympics/athletes/ma/giuseppe-martinelli-1.html
1976	mens-road-race-individual	Bronze	POL	MieczysÅaw Nowicki	mieczyslaw-nowicki-1	http://www.sports-reference.com/olympics/athletes/no/mieczyslaw-nowicki-1.html
1972	mens-road-race-individual	Gold	NED	Hennie Kuiper	hennie-kuiper-1	http://www.sports-reference.com/olympics/athletes/ku/hennie-kuiper-1.html
1972	mens-road-race-individual	Silver	AUS	Clyde Sefton	clyde-sefton-1	http://www.sports-reference.com/olympics/athletes/se/clyde-sefton-1.html
1972	mens-road-race-individual	Bronze				
1968	mens-road-race-individual	Gold	ITA	Pierfranco Vianelli	pierfranco-vianelli-1	http://www.sports-reference.com/olympics/athletes/vi/pierfranco-vianelli-1.html
1968	mens-road-race-individual	Silver	DEN	Leif Mortensen	leif-mortensen-1	http://www.sports-reference.com/olympics/athletes/mo/leif-mortensen-1.html
1968	mens-road-race-individual	Bronze	SWE	GÃ¶sta Pettersson	gosta-pettersson-1	http://www.sports-reference.com/olympics/athletes/pe/gosta-pettersson-1.html
1964	mens-road-race-individual	Gold	ITA	Mario Zanin	mario-zanin-1	http://www.sports-reference.com/olympics/athletes/za/mario-zanin-1.html
1964	mens-road-race-individual	Silver	DEN	Kjell Rodian	kjell-rodian-1	http://www.sports-reference.com/olympics/athletes/ro/kjell-rodian-1.html
1964	mens-road-race-individual	Bronze	BEL	Walter Godefroot	walter-godefroot-1	http://www.sports-reference.com/olympics/athletes/go/walter-godefroot-1.html
1960	mens-road-race-individual	Gold	URS	Viktor Kapitonov	viktor-kapitonov-1	http://www.sports-reference.com/olympics/athletes/ka/viktor-kapitonov-1.html
1960	mens-road-race-individual	Silver	ITA	Livio TrapÃ¨	livio-trape-1	http://www.sports-reference.com/olympics/athletes/tr/livio-trape-1.html
1960	mens-road-race-individual	Bronze	BEL	Willy Vanden Berghen	willy-vanden-berghen-1	http://www.sports-reference.com/olympics/athletes/va/willy-vanden-berghen-1.html
1956	mens-road-race-individual	Gold	ITA	Ercole Baldini	ercole-baldini-1	http://www.sports-reference.com/olympics/athletes/ba/ercole-baldini-1.html
1956	mens-road-race-individual	Silver	FRA	Arnaud Geyre	arnaud-geyre-1	http://www.sports-reference.com/olympics/athletes/ge/arnaud-geyre-1.html
1956	mens-road-race-individual	Bronze	GBR	Alan Jackson	alan-jackson-1	http://www.sports-reference.com/olympics/athletes/ja/alan-jackson-1.html
1952	mens-road-race-individual	Gold	BEL	AndrÃ© Noyelle	andre-noyelle-1	http://www.sports-reference.com/olympics/athletes/no/andre-noyelle-1.html
1952	mens-road-race-individual	Silver	BEL	Robert Grondelaers	robert-grondelaers-1	http://www.sports-reference.com/olympics/athletes/gr/robert-grondelaers-1.html
1952	mens-road-race-individual	Bronze	GER	Edi Ziegler	edi-ziegler-1	http://www.sports-reference.com/olympics/athletes/zi/edi-ziegler-1.html
1948	mens-road-race-individual	Gold	FRA	JosÃ© Beyaert	jose-beyaert-1	http://www.sports-reference.com/olympics/athletes/be/jose-beyaert-1.html
1948	mens-road-race-individual	Silver	NED	Gerrit Voorting	gerrit-voorting-1	http://www.sports-reference.com/olympics/athletes/vo/gerrit-voorting-1.html
1948	mens-road-race-individual	Bronze	BEL	Lode Wouters	lode-wouters-1	http://www.sports-reference.com/olympics/athletes/wo/lode-wouters-1.html
1936	mens-road-race-individual	Gold	FRA	Robert Charpentier	robert-charpentier-1	http://www.sports-reference.com/olympics/athletes/ch/robert-charpentier-1.html
1936	mens-road-race-individual	Silver	FRA	Guy LapÃ©bie	guy-lapebie-1	http://www.sports-reference.com/olympics/athletes/la/guy-lapebie-1.html
1936	mens-road-race-individual	Bronze	SUI	Ernst Nievergelt	ernst-nievergelt-1	http://www.sports-reference.com/olympics/athletes/ni/ernst-nievergelt-1.html
1932	mens-road-race-individual	Gold	ITA	Attilio Pavesi	attilio-pavesi-1	http://www.sports-reference.com/olympics/athletes/pa/attilio-pavesi-1.html
1932	mens-road-race-individual	Silver	ITA	Guglielmo Segato	guglielmo-segato-1	http://www.sports-reference.com/olympics/athletes/se/guglielmo-segato-1.html
1932	mens-road-race-individual	Bronze	SWE	Bernhard Britz	bernhard-britz-1	http://www.sports-reference.com/olympics/athletes/br/bernhard-britz-1.html
1928	mens-road-race-individual	Gold	DEN	Henry Hansen	henry-hansen-1	http://www.sports-reference.com/olympics/athletes/ha/henry-hansen-1.html
1928	mens-road-race-individual	Silver	GBR	Frank Southall	frank-southall-1	http://www.sports-reference.com/olympics/athletes/so/frank-southall-1.html
1928	mens-road-race-individual	Bronze	SWE	GÃ¶sta Carlsson	gosta-carlsson-1	http://www.sports-reference.com/olympics/athletes/ca/gosta-carlsson-1.html
1924	mens-road-race-individual	Gold	FRA	Armand Blanchonnet	armand-blanchonnet-1	http://www.sports-reference.com/olympics/athletes/bl/armand-blanchonnet-1.html
1924	mens-road-race-individual	Silver	BEL	Rik Hoevenaers	rik-hoevenaers-1	http://www.sports-reference.com/olympics/athletes/ho/rik-hoevenaers-1.html
1924	mens-road-race-individual	Bronze	FRA	RenÃ© Hamel	rene-hamel-1	http://www.sports-reference.com/olympics/athletes/ha/rene-hamel-1.html
1920	mens-road-race-individual	Gold	SWE	Harry Stenqvist	harry-stenqvist-1	http://www.sports-reference.com/olympics/athletes/st/harry-stenqvist-1.html
1920	mens-road-race-individual	Silver	RSA	Henry Kaltenbrunn	henry-kaltenbrunn-1	http://www.sports-reference.com/olympics/athletes/ka/henry-kaltenbrunn-1.html
1920	mens-road-race-individual	Bronze	FRA	Fernand Canteloube	fernand-canteloube-1	http://www.sports-reference.com/olympics/athletes/ca/fernand-canteloube-1.html
1912	mens-road-race-individual	Gold	RSA	Rudolph Lewis	rudolph-lewis-1	http://www.sports-reference.com/olympics/athletes/le/rudolph-lewis-1.html
1912	mens-road-race-individual	Silver	GBR	Freddie Grubb	freddie-grubb-1	http://www.sports-reference.com/olympics/athletes/gr/freddie-grubb-1.html
1912	mens-road-race-individual	Bronze	USA	Carl Schutte	carl-schutte-1	http://www.sports-reference.com/olympics/athletes/sc/carl-schutte-1.html
1906	mens-road-race-individual	Gold	FRA	Fernand Vast	fernand-vast-1	http://www.sports-reference.com/olympics/athletes/va/fernand-vast-1.html
1906	mens-road-race-individual	Silver	FRA	Maurice Bardonneau	maurice-bardonneau-1	http://www.sports-reference.com/olympics/athletes/ba/maurice-bardonneau-1.html
1906	mens-road-race-individual	Bronze	FRA	Edmond Luguet	edmond-luguet-1	http://www.sports-reference.com/olympics/athletes/lu/edmond-luguet-1.html
1896	mens-road-race-individual	Gold	GRE	Aristidis Konstantinidis	aristidis-konstantinidis-1	http://www.sports-reference.com/olympics/athletes/ko/aristidis-konstantinidis-1.html
1896	mens-road-race-individual	Silver	GER	Anton GÃ¶drich	anton-godrich-1	http://www.sports-reference.com/olympics/athletes/go/anton-godrich-1.html
1896	mens-road-race-individual	Bronze	GBR	Edward Battel	edward-battel-1	http://www.sports-reference.com/olympics/athletes/ba/edward-battel-1.html
1956	mens-road-race-team	Gold	FRA	France		http://www.sports-reference.com/olympics/countries/FRA/summer/1956/CYC/
1956	mens-road-race-team	Silver	GBR	Great Britain		http://www.sports-reference.com/olympics/countries/GBR/summer/1956/CYC/
1956	mens-road-race-team	Bronze	GER	Germany		http://www.sports-reference.com/olympics/countries/GER/summer/1956/CYC/
1952	mens-road-race-team	Gold	BEL	Belgium		http://www.sports-reference.com/olympics/countries/BEL/summer/1952/CYC/
1952	mens-road-race-team	Silver	ITA	Italy		http://www.sports-reference.com/olympics/countries/ITA/summer/1952/CYC/
1952	mens-road-race-team	Bronze	FRA	France		http://www.sports-reference.com/olympics/countries/FRA/summer/1952/CYC/
1948	mens-road-race-team	Gold	BEL	Belgium		http://www.sports-reference.com/olympics/countries/BEL/summer/1948/CYC/
1948	mens-road-race-team	Silver	GBR	Great Britain		http://www.sports-reference.com/olympics/countries/GBR/summer/1948/CYC/
1948	mens-road-race-team	Bronze	FRA	France		http://www.sports-reference.com/olympics/countries/FRA/summer/1948/CYC/
1936	mens-road-race-team	Gold	FRA	France		http://www.sports-reference.com/olympics/countries/FRA/summer/1936/CYC/
1936	mens-road-race-team	Silver	SUI	Switzerland		http://www.sports-reference.com/olympics/countries/SUI/summer/1936/CYC/
1936	mens-road-race-team	Bronze	BEL	Belgium		http://www.sports-reference.com/olympics/countries/BEL/summer/1936/CYC/
1932	mens-road-race-team	Gold	ITA	Italy		http://www.sports-reference.com/olympics/countries/ITA/summer/1932/CYC/
1932	mens-road-race-team	Silver	DEN	Denmark		http://www.sports-reference.com/olympics/countries/DEN/summer/1932/CYC/
1932	mens-road-race-team	Bronze	SWE	Sweden		http://www.sports-reference.com/olympics/countries/SWE/summer/1932/CYC/
1928	mens-road-race-team	Gold	DEN	Denmark		http://www.sports-reference.com/olympics/countries/DEN/summer/1928/CYC/
1928	mens-road-race-team	Silver	GBR	Great Britain		http://www.sports-reference.com/olympics/countries/GBR/summer/1928/CYC/
1928	mens-road-race-team	Bronze	SWE	Sweden		http://www.sports-reference.com/olympics/countries/SWE/summer/1928/CYC/
1924	mens-road-race-team	Gold	FRA	France		http://www.sports-reference.com/olympics/countries/FRA/summer/1924/CYC/
1924	mens-road-race-team	Silver	BEL	Belgium		http://www.sports-reference.com/olympics/countries/BEL/summer/1924/CYC/
1924	mens-road-race-team	Bronze	SWE	Sweden		http://www.sports-reference.com/olympics/countries/SWE/summer/1924/CYC/
1920	mens-road-race-team	Gold	FRA	France		http://www.sports-reference.com/olympics/countries/FRA/summer/1920/CYC/
1920	mens-road-race-team	Silver	SWE	Sweden		http://www.sports-reference.com/olympics/countries/SWE/summer/1920/CYC/
1920	mens-road-race-team	Bronze	BEL	Belgium		http://www.sports-reference.com/olympics/countries/BEL/summer/1920/CYC/
1912	mens-road-race-team	Gold	SWE	Sweden		http://www.sports-reference.com/olympics/countries/SWE/summer/1912/CYC/
1912	mens-road-race-team	Silver	GBR	Great Britain		http://www.sports-reference.com/olympics/countries/GBR/summer/1912/CYC/
1912	mens-road-race-team	Bronze	USA	United States		http://www.sports-reference.com/olympics/countries/USA/summer/1912/CYC/
2012	mens-individual-time-trial	Gold	GBR	Bradley Wiggins	bradley-wiggins-1	http://www.sports-reference.com/olympics/athletes/wi/bradley-wiggins-1.html
2012	mens-individual-time-trial	Silver	GER	Tony Martin	tony-martin-1	http://www.sports-reference.com/olympics/athletes/ma/tony-martin-1.html
2012	mens-individual-time-trial	Bronze	GBR	Christopher Froome	christopher-froome-1	http://www.sports-reference.com/olympics/athletes/fr/christopher-froome-1.html
2008	mens-individual-time-trial	Gold	SUI	Fabian Cancellara	fabian-cancellara-1	http://www.sports-reference.com/olympics/athletes/ca/fabian-cancellara-1.html
2008	mens-individual-time-trial	Silver	SWE	Gustav Larsson	gustav-larsson-1	http://www.sports-reference.com/olympics/athletes/la/gustav-larsson-1.html
2008	mens-individual-time-trial	Bronze	USA	Levi Leipheimer	levi-leipheimer-1	http://www.sports-reference.com/olympics/athletes/le/levi-leipheimer-1.html
2004	mens-individual-time-trial	Gold	USA	Tyler Hamilton	tyler-hamilton-1	http://www.sports-reference.com/olympics/athletes/ha/tyler-hamilton-1.html
2004	mens-individual-time-trial	Silver	RUS	Vyacheslav Yekimov	vyacheslav-yekimov-1	http://www.sports-reference.com/olympics/athletes/ye/vyacheslav-yekimov-1.html
2004	mens-individual-time-trial	Bronze	USA	Bobby Julich	bobby-julich-1	http://www.sports-reference.com/olympics/athletes/ju/bobby-julich-1.html
2000	mens-individual-time-trial	Gold	RUS	Vyacheslav Yekimov	vyacheslav-yekimov-1	http://www.sports-reference.com/olympics/athletes/ye/vyacheslav-yekimov-1.html
2000	mens-individual-time-trial	Silver	GER	Jan Ullrich	jan-ullrich-1	http://www.sports-reference.com/olympics/athletes/ul/jan-ullrich-1.html
2000	mens-individual-time-trial	Bronze	USA	Lance Armstrong	lance-armstrong-1	http://www.sports-reference.com/olympics/athletes/ar/lance-armstrong-1.html
1996	mens-individual-time-trial	Gold	ESP	Miguel IndurÃ¡in	miguel-indurain-1	http://www.sports-reference.com/olympics/athletes/in/miguel-indurain-1.html
1996	mens-individual-time-trial	Silver	ESP	Abraham Olano	abraham-olano-1	http://www.sports-reference.com/olympics/athletes/ol/abraham-olano-1.html
1996	mens-individual-time-trial	Bronze	GBR	Chris Boardman	chris-boardman-1	http://www.sports-reference.com/olympics/athletes/bo/chris-boardman-1.html
1992	mens-100-kilometres-team-time-trial	Gold	GER	Germany		http://www.sports-reference.com/olympics/countries/GER/summer/1992/CYC/
1992	mens-100-kilometres-team-time-trial	Silver	ITA	Italy		http://www.sports-reference.com/olympics/countries/ITA/summer/1992/CYC/
1992	mens-100-kilometres-team-time-trial	Bronze	FRA	France		http://www.sports-reference.com/olympics/countries/FRA/summer/1992/CYC/
1988	mens-100-kilometres-team-time-trial	Gold	GDR	East Germany		http://www.sports-reference.com/olympics/countries/GDR/summer/1988/CYC/
1988	mens-100-kilometres-team-time-trial	Silver	POL	Poland		http://www.sports-reference.com/olympics/countries/POL/summer/1988/CYC/
1988	mens-100-kilometres-team-time-trial	Bronze	SWE	Sweden		http://www.sports-reference.com/olympics/countries/SWE/summer/1988/CYC/
1984	mens-100-kilometres-team-time-trial	Gold	ITA	Italy		http://www.sports-reference.com/olympics/countries/ITA/summer/1984/CYC/
1984	mens-100-kilometres-team-time-trial	Silver	SUI	Switzerland		http://www.sports-reference.com/olympics/countries/SUI/summer/1984/CYC/
1984	mens-100-kilometres-team-time-trial	Bronze	USA	United States		http://www.sports-reference.com/olympics/countries/USA/summer/1984/CYC/
1980	mens-100-kilometres-team-time-trial	Gold	URS	Soviet Union		http://www.sports-reference.com/olympics/countries/URS/summer/1980/CYC/
1980	mens-100-kilometres-team-time-trial	Silver	GDR	East Germany		http://www.sports-reference.com/olympics/countries/GDR/summer/1980/CYC/
1980	mens-100-kilometres-team-time-trial	Bronze	TCH	Czechoslovakia		http://www.sports-reference.com/olympics/countries/TCH/summer/1980/CYC/
1976	mens-100-kilometres-team-time-trial	Gold	URS	Soviet Union		http://www.sports-reference.com/olympics/countries/URS/summer/1976/CYC/
1976	mens-100-kilometres-team-time-trial	Silver	POL	Poland		http://www.sports-reference.com/olympics/countries/POL/summer/1976/CYC/
1976	mens-100-kilometres-team-time-trial	Bronze	DEN	Denmark		http://www.sports-reference.com/olympics/countries/DEN/summer/1976/CYC/
1972	mens-100-kilometres-team-time-trial	Gold	URS	Soviet Union		http://www.sports-reference.com/olympics/countries/URS/summer/1972/CYC/
1972	mens-100-kilometres-team-time-trial	Silver	POL	Poland		http://www.sports-reference.com/olympics/countries/POL/summer/1972/CYC/
1972	mens-100-kilometres-team-time-trial	Bronze				
1968	mens-100-kilometres-team-time-trial	Gold	NED	Netherlands		http://www.sports-reference.com/olympics/countries/NED/summer/1968/CYC/
1968	mens-100-kilometres-team-time-trial	Silver	SWE	Sweden		http://www.sports-reference.com/olympics/countries/SWE/summer/1968/CYC/
1968	mens-100-kilometres-team-time-trial	Bronze	ITA	Italy		http://www.sports-reference.com/olympics/countries/ITA/summer/1968/CYC/
1964	mens-100-kilometres-team-time-trial	Gold	NED	Netherlands		http://www.sports-reference.com/olympics/countries/NED/summer/1964/CYC/
1964	mens-100-kilometres-team-time-trial	Silver	ITA	Italy		http://www.sports-reference.com/olympics/countries/ITA/summer/1964/CYC/
1964	mens-100-kilometres-team-time-trial	Bronze	SWE	Sweden		http://www.sports-reference.com/olympics/countries/SWE/summer/1964/CYC/
1960	mens-100-kilometres-team-time-trial	Gold	ITA	Italy		http://www.sports-reference.com/olympics/countries/ITA/summer/1960/CYC/
1960	mens-100-kilometres-team-time-trial	Silver	GER	Germany		http://www.sports-reference.com/olympics/countries/GER/summer/1960/CYC/
1960	mens-100-kilometres-team-time-trial	Bronze	URS	Soviet Union		http://www.sports-reference.com/olympics/countries/URS/summer/1960/CYC/
2008	mens-sprint	Gold	GBR	Chris Hoy	chris-hoy-1	http://www.sports-reference.com/olympics/athletes/ho/chris-hoy-1.html
2008	mens-sprint	Silver	GBR	Jason Kenny	jason-kenny-1	http://www.sports-reference.com/olympics/athletes/ke/jason-kenny-1.html
2008	mens-sprint	Bronze	FRA	MickaÃ«l Bourgain	mickael-bourgain-1	http://www.sports-reference.com/olympics/athletes/bo/mickael-bourgain-1.html
2004	mens-sprint	Gold	AUS	Ryan Bayley	ryan-bayley-1	http://www.sports-reference.com/olympics/athletes/ba/ryan-bayley-1.html
2004	mens-sprint	Silver	NED	Theo Bos	theo-bos-1	http://www.sports-reference.com/olympics/athletes/bo/theo-bos-1.html
2004	mens-sprint	Bronze	GER	RenÃ© Wolff	rene-wolff-1	http://www.sports-reference.com/olympics/athletes/wo/rene-wolff-1.html
2000	mens-sprint	Gold	USA	Marty Nothstein	marty-nothstein-1	http://www.sports-reference.com/olympics/athletes/no/marty-nothstein-1.html
2000	mens-sprint	Silver	FRA	Florian Rousseau	florian-rousseau-1	http://www.sports-reference.com/olympics/athletes/ro/florian-rousseau-1.html
2000	mens-sprint	Bronze	GER	Jens Fiedler	jens-fiedler-1	http://www.sports-reference.com/olympics/athletes/fi/jens-fiedler-1.html
1996	mens-sprint	Gold	GER	Jens Fiedler	jens-fiedler-1	http://www.sports-reference.com/olympics/athletes/fi/jens-fiedler-1.html
1996	mens-sprint	Silver	USA	Marty Nothstein	marty-nothstein-1	http://www.sports-reference.com/olympics/athletes/no/marty-nothstein-1.html
1996	mens-sprint	Bronze	CAN	Curt Harnett	curt-harnett-1	http://www.sports-reference.com/olympics/athletes/ha/curt-harnett-1.html
1992	mens-sprint	Gold	GER	Jens Fiedler	jens-fiedler-1	http://www.sports-reference.com/olympics/athletes/fi/jens-fiedler-1.html
1992	mens-sprint	Silver	AUS	Gary Neiwand	gary-neiwand-1	http://www.sports-reference.com/olympics/athletes/ne/gary-neiwand-1.html
1992	mens-sprint	Bronze	CAN	Curt Harnett	curt-harnett-1	http://www.sports-reference.com/olympics/athletes/ha/curt-harnett-1.html
1988	mens-sprint	Gold	GDR	Lutz HeÃlich	lutz-hesslich-1	http://www.sports-reference.com/olympics/athletes/he/lutz-hesslich-1.html
1988	mens-sprint	Silver	URS	Nikolay Kovsh	nikolay-kovsh-1	http://www.sports-reference.com/olympics/athletes/ko/nikolay-kovsh-1.html
1988	mens-sprint	Bronze	AUS	Gary Neiwand	gary-neiwand-1	http://www.sports-reference.com/olympics/athletes/ne/gary-neiwand-1.html
1984	mens-sprint	Gold	USA	Mark Gorski	mark-gorski-1	http://www.sports-reference.com/olympics/athletes/go/mark-gorski-1.html
1984	mens-sprint	Silver	USA	Nelson Vails	nelson-vails-1	http://www.sports-reference.com/olympics/athletes/va/nelson-vails-1.html
1984	mens-sprint	Bronze	JPN	Tsutomu Sakamoto	tsutomu-sakamoto-1	http://www.sports-reference.com/olympics/athletes/sa/tsutomu-sakamoto-1.html
1980	mens-sprint	Gold	GDR	Lutz HeÃlich	lutz-hesslich-1	http://www.sports-reference.com/olympics/athletes/he/lutz-hesslich-1.html
1980	mens-sprint	Silver	FRA	YavÃ© Cahard	yave-cahard-1	http://www.sports-reference.com/olympics/athletes/ca/yave-cahard-1.html
1980	mens-sprint	Bronze	URS	Sergey Kopylov	sergey-kopylov-1	http://www.sports-reference.com/olympics/athletes/ko/sergey-kopylov-1.html
1976	mens-sprint	Gold	TCH	Anton TkÃ¡Ä	anton-tkac-1	http://www.sports-reference.com/olympics/athletes/tk/anton-tkac-1.html
1976	mens-sprint	Silver	FRA	Daniel Morelon	daniel-morelon-1	http://www.sports-reference.com/olympics/athletes/mo/daniel-morelon-1.html
1976	mens-sprint	Bronze	GDR	Hans-JÃ¼rgen Geschke	hans-jurgen-geschke-1	http://www.sports-reference.com/olympics/athletes/ge/hans-jurgen-geschke-1.html
1972	mens-sprint	Gold	FRA	Daniel Morelon	daniel-morelon-1	http://www.sports-reference.com/olympics/athletes/mo/daniel-morelon-1.html
1972	mens-sprint	Silver	AUS	John Nicholson	john-nicholson-1	http://www.sports-reference.com/olympics/athletes/ni/john-nicholson-1.html
1972	mens-sprint	Bronze	URS	Omar Pkhak'adze	omar-pkhakadze-1	http://www.sports-reference.com/olympics/athletes/pk/omar-pkhakadze-1.html
1968	mens-sprint	Gold	FRA	Daniel Morelon	daniel-morelon-1	http://www.sports-reference.com/olympics/athletes/mo/daniel-morelon-1.html
1968	mens-sprint	Silver	ITA	Giordano Turrini	giordano-turrini-1	http://www.sports-reference.com/olympics/athletes/tu/giordano-turrini-1.html
1968	mens-sprint	Bronze	FRA	Pierre Trentin	pierre-trentin-1	http://www.sports-reference.com/olympics/athletes/tr/pierre-trentin-1.html
1964	mens-sprint	Gold	ITA	Giovanni Pettenella	giovanni-pettenella-1	http://www.sports-reference.com/olympics/athletes/pe/giovanni-pettenella-1.html
1964	mens-sprint	Silver	ITA	Sergio Bianchetto	sergio-bianchetto-1	http://www.sports-reference.com/olympics/athletes/bi/sergio-bianchetto-1.html
1964	mens-sprint	Bronze	FRA	Daniel Morelon	daniel-morelon-1	http://www.sports-reference.com/olympics/athletes/mo/daniel-morelon-1.html
1960	mens-sprint	Gold	ITA	Sante Gaiardoni	sante-gaiardoni-1	http://www.sports-reference.com/olympics/athletes/ga/sante-gaiardoni-1.html
1960	mens-sprint	Silver	BEL	Leo Sterckx	leo-sterckx-1	http://www.sports-reference.com/olympics/athletes/st/leo-sterckx-1.html
1960	mens-sprint	Bronze	ITA	Valentino Gasparella	valentino-gasparella-1	http://www.sports-reference.com/olympics/athletes/ga/valentino-gasparella-1.html
1956	mens-sprint	Gold	FRA	Michel Rousseau	michel-rousseau-1	http://www.sports-reference.com/olympics/athletes/ro/michel-rousseau-1.html
1956	mens-sprint	Silver	ITA	Guglielmo Pesenti	guglielmo-pesenti-1	http://www.sports-reference.com/olympics/athletes/pe/guglielmo-pesenti-1.html
1956	mens-sprint	Bronze	AUS	Dick Ploog	dick-ploog-1	http://www.sports-reference.com/olympics/athletes/pl/dick-ploog-1.html
1952	mens-sprint	Gold	ITA	Enzo Sacchi	enzo-sacchi-1	http://www.sports-reference.com/olympics/athletes/sa/enzo-sacchi-1.html
1952	mens-sprint	Silver	AUS	Lionel Cox	lionel-cox-1	http://www.sports-reference.com/olympics/athletes/co/lionel-cox-1.html
1952	mens-sprint	Bronze	GER	Werner Potzernheim	werner-potzernheim-1	http://www.sports-reference.com/olympics/athletes/po/werner-potzernheim-1.html
1948	mens-sprint	Gold	ITA	Mario Ghella	mario-ghella-1	http://www.sports-reference.com/olympics/athletes/gh/mario-ghella-1.html
1948	mens-sprint	Silver	GBR	Reg Harris	reg-harris-1	http://www.sports-reference.com/olympics/athletes/ha/reg-harris-1.html
1948	mens-sprint	Bronze	DEN	Axel Schandorff	axel-schandorff-1	http://www.sports-reference.com/olympics/athletes/sc/axel-schandorff-1.html
1936	mens-sprint	Gold	GER	Toni Merkens	toni-merkens-1	http://www.sports-reference.com/olympics/athletes/me/toni-merkens-1.html
1936	mens-sprint	Silver	NED	Arie van Vliet	arie-van-vliet-1	http://www.sports-reference.com/olympics/athletes/va/arie-van-vliet-1.html
1936	mens-sprint	Bronze	FRA	Louis Chaillot	louis-chaillot-1	http://www.sports-reference.com/olympics/athletes/ch/louis-chaillot-1.html
1932	mens-sprint	Gold	NED	Jacques van Egmond	jacques-van-egmond-1	http://www.sports-reference.com/olympics/athletes/va/jacques-van-egmond-1.html
1932	mens-sprint	Silver	FRA	Louis Chaillot	louis-chaillot-1	http://www.sports-reference.com/olympics/athletes/ch/louis-chaillot-1.html
1932	mens-sprint	Bronze	ITA	Bruno Pellizzari	bruno-pellizzari-1	http://www.sports-reference.com/olympics/athletes/pe/bruno-pellizzari-1.html
1928	mens-sprint	Gold	FRA	Roger Beaufrand	roger-beaufrand-1	http://www.sports-reference.com/olympics/athletes/be/roger-beaufrand-1.html
1928	mens-sprint	Silver	NED	Antoine Mazairac	antoine-mazairac-1	http://www.sports-reference.com/olympics/athletes/ma/antoine-mazairac-1.html
1928	mens-sprint	Bronze	DEN	Willy Falck Hansen	willy-falck-hansen-1	http://www.sports-reference.com/olympics/athletes/ha/willy-falck-hansen-1.html
1924	mens-sprint	Gold	FRA	Lucien Michard	lucien-michard-1	http://www.sports-reference.com/olympics/athletes/mi/lucien-michard-1.html
1924	mens-sprint	Silver	NED	Jaap Meijer	jaap-meijer-1	http://www.sports-reference.com/olympics/athletes/me/jaap-meijer-1.html
1924	mens-sprint	Bronze	FRA	Jean Cugnot	jean-cugnot-1	http://www.sports-reference.com/olympics/athletes/cu/jean-cugnot-1.html
1920	mens-sprint	Gold	NED	Maurice Peeters	maurice-peeters-1	http://www.sports-reference.com/olympics/athletes/pe/maurice-peeters-1.html
1920	mens-sprint	Silver	GBR	Thomas Johnson	thomas-johnson-1	http://www.sports-reference.com/olympics/athletes/jo/thomas-johnson-1.html
1920	mens-sprint	Bronze	GBR	Harry Ryan	harry-ryan-1	http://www.sports-reference.com/olympics/athletes/ry/harry-ryan-1.html
1908	mens-sprint	Gold	GBR	Victor Johnson	victor-johnson-1	http://www.sports-reference.com/olympics/athletes/jo/victor-johnson-1.html
1908	mens-sprint	Silver	FRA	Ãmile Demangel	emile-demangel-1	http://www.sports-reference.com/olympics/athletes/de/emile-demangel-1.html
1908	mens-sprint	Bronze	GER	Karl Neumer	karl-neumer-1	http://www.sports-reference.com/olympics/athletes/ne/karl-neumer-1.html
1906	mens-sprint	Gold	ITA	Francesco Verri	francesco-verri-1	http://www.sports-reference.com/olympics/athletes/ve/francesco-verri-1.html
1906	mens-sprint	Silver	GBR	Herbert Bouffler	herbert-bouffler-1	http://www.sports-reference.com/olympics/athletes/bo/herbert-bouffler-1.html
1906	mens-sprint	Bronze	BEL	EugÃ¨ne Debongnie	eugene-debongnie-1	http://www.sports-reference.com/olympics/athletes/de/eugene-debongnie-1.html
1900	mens-sprint	Gold	FRA	Albert Taillandier	albert-taillandier-1	http://www.sports-reference.com/olympics/athletes/ta/albert-taillandier-1.html
1900	mens-sprint	Silver	FRA	Fernand Sanz	fernand-sanz-1	http://www.sports-reference.com/olympics/athletes/sa/fernand-sanz-1.html
1900	mens-sprint	Bronze	USA	John Lake	john-lake-1	http://www.sports-reference.com/olympics/athletes/la/john-lake-1.html
1896	mens-sprint	Gold	FRA	Paul Masson	paul-masson-1	http://www.sports-reference.com/olympics/athletes/ma/paul-masson-1.html
1896	mens-sprint	Silver	GRE	Stamatios Nikolopoulos	stamatios-nikolopoulos-1	http://www.sports-reference.com/olympics/athletes/ni/stamatios-nikolopoulos-1.html
1896	mens-sprint	Bronze	FRA	LÃ©on Flameng	leon-flameng-1	http://www.sports-reference.com/olympics/athletes/fl/leon-flameng-1.html
1906	mens-333-1-3-metres-time-trial	Gold	ITA	Francesco Verri	francesco-verri-1	http://www.sports-reference.com/olympics/athletes/ve/francesco-verri-1.html
1906	mens-333-1-3-metres-time-trial	Silver	GBR	Herbert Crowther	herbert-crowther-1	http://www.sports-reference.com/olympics/athletes/cr/herbert-crowther-1.html
1906	mens-333-1-3-metres-time-trial	Bronze	FRA	Henri Menjou	henri-menjou-1	http://www.sports-reference.com/olympics/athletes/me/henri-menjou-1.html
1896	mens-333-1-3-metres-time-trial	Gold	FRA	Paul Masson	paul-masson-1	http://www.sports-reference.com/olympics/athletes/ma/paul-masson-1.html
1896	mens-333-1-3-metres-time-trial	Silver	GRE	Stamatios Nikolopoulos	stamatios-nikolopoulos-1	http://www.sports-reference.com/olympics/athletes/ni/stamatios-nikolopoulos-1.html
1896	mens-333-1-3-metres-time-trial	Bronze	AUT	Adolf Schmal	adolf-schmal-1	http://www.sports-reference.com/olympics/athletes/sc/adolf-schmal-1.html
2004	mens-1000-metres-time-trial	Gold	GBR	Chris Hoy	chris-hoy-1	http://www.sports-reference.com/olympics/athletes/ho/chris-hoy-1.html
2004	mens-1000-metres-time-trial	Silver	FRA	Arnaud Tournant	arnaud-tournant-1	http://www.sports-reference.com/olympics/athletes/to/arnaud-tournant-1.html
2004	mens-1000-metres-time-trial	Bronze	GER	Stefan Nimke	stefan-nimke-1	http://www.sports-reference.com/olympics/athletes/ni/stefan-nimke-1.html
2000	mens-1000-metres-time-trial	Gold	GBR	Jason Queally	jason-queally-1	http://www.sports-reference.com/olympics/athletes/qu/jason-queally-1.html
2000	mens-1000-metres-time-trial	Silver	GER	Stefan Nimke	stefan-nimke-1	http://www.sports-reference.com/olympics/athletes/ni/stefan-nimke-1.html
2000	mens-1000-metres-time-trial	Bronze	AUS	Shane Kelly	shane-kelly-1	http://www.sports-reference.com/olympics/athletes/ke/shane-kelly-1.html
1996	mens-1000-metres-time-trial	Gold	FRA	Florian Rousseau	florian-rousseau-1	http://www.sports-reference.com/olympics/athletes/ro/florian-rousseau-1.html
1996	mens-1000-metres-time-trial	Silver	USA	Erin Hartwell	erin-hartwell-1	http://www.sports-reference.com/olympics/athletes/ha/erin-hartwell-1.html
1996	mens-1000-metres-time-trial	Bronze	JPN	Takanobu Jumonji	takanobu-jumonji-1	http://www.sports-reference.com/olympics/athletes/ju/takanobu-jumonji-1.html
1992	mens-1000-metres-time-trial	Gold	ESP	JosÃ© Moreno	jose-moreno-1	http://www.sports-reference.com/olympics/athletes/mo/jose-moreno-1.html
1992	mens-1000-metres-time-trial	Silver	AUS	Shane Kelly	shane-kelly-1	http://www.sports-reference.com/olympics/athletes/ke/shane-kelly-1.html
1992	mens-1000-metres-time-trial	Bronze	USA	Erin Hartwell	erin-hartwell-1	http://www.sports-reference.com/olympics/athletes/ha/erin-hartwell-1.html
1988	mens-1000-metres-time-trial	Gold	URS	Aleksandr Kirichenko	aleksandr-kirichenko-1	http://www.sports-reference.com/olympics/athletes/ki/aleksandr-kirichenko-1.html
1988	mens-1000-metres-time-trial	Silver	AUS	Martin Vinnicombe	martin-vinnicombe-1	http://www.sports-reference.com/olympics/athletes/vi/martin-vinnicombe-1.html
1988	mens-1000-metres-time-trial	Bronze	FRG	Robert Lechner	robert-lechner-1	http://www.sports-reference.com/olympics/athletes/le/robert-lechner-1.html
1984	mens-1000-metres-time-trial	Gold	FRG	Fredy Schmidtke	fredy-schmidtke-1	http://www.sports-reference.com/olympics/athletes/sc/fredy-schmidtke-1.html
1984	mens-1000-metres-time-trial	Silver	CAN	Curt Harnett	curt-harnett-1	http://www.sports-reference.com/olympics/athletes/ha/curt-harnett-1.html
1984	mens-1000-metres-time-trial	Bronze	FRA	Fabrice Colas	fabrice-colas-1	http://www.sports-reference.com/olympics/athletes/co/fabrice-colas-1.html
1980	mens-1000-metres-time-trial	Gold	GDR	Lothar Thoms	lothar-thoms-1	http://www.sports-reference.com/olympics/athletes/th/lothar-thoms-1.html
1980	mens-1000-metres-time-trial	Silver	URS	Aleksandr Panfilov	aleksandr-panfilov-1	http://www.sports-reference.com/olympics/athletes/pa/aleksandr-panfilov-1.html
1980	mens-1000-metres-time-trial	Bronze	JAM	David Weller	david-weller-1	http://www.sports-reference.com/olympics/athletes/we/david-weller-1.html
1976	mens-1000-metres-time-trial	Gold	GDR	Klaus-JÃ¼rgen GrÃ¼nke	klaus-jurgen-grunke-1	http://www.sports-reference.com/olympics/athletes/gr/klaus-jurgen-grunke-1.html
1976	mens-1000-metres-time-trial	Silver	BEL	Michel Vaarten	michel-vaarten-1	http://www.sports-reference.com/olympics/athletes/va/michel-vaarten-1.html
1976	mens-1000-metres-time-trial	Bronze	DEN	Niels Fredborg	niels-fredborg-1	http://www.sports-reference.com/olympics/athletes/fr/niels-fredborg-1.html
1972	mens-1000-metres-time-trial	Gold	DEN	Niels Fredborg	niels-fredborg-1	http://www.sports-reference.com/olympics/athletes/fr/niels-fredborg-1.html
1972	mens-1000-metres-time-trial	Silver	AUS	Danny Clark	danny-clark-1	http://www.sports-reference.com/olympics/athletes/cl/danny-clark-1.html
1972	mens-1000-metres-time-trial	Bronze	GDR	JÃ¼rgen SchÃ¼tze	jurgen-schutze-1	http://www.sports-reference.com/olympics/athletes/sc/jurgen-schutze-1.html
1968	mens-1000-metres-time-trial	Gold	FRA	Pierre Trentin	pierre-trentin-1	http://www.sports-reference.com/olympics/athletes/tr/pierre-trentin-1.html
1968	mens-1000-metres-time-trial	Silver	DEN	Niels Fredborg	niels-fredborg-1	http://www.sports-reference.com/olympics/athletes/fr/niels-fredborg-1.html
1968	mens-1000-metres-time-trial	Bronze	POL	Janusz Kierzkowski	janusz-kierzkowski-1	http://www.sports-reference.com/olympics/athletes/ki/janusz-kierzkowski-1.html
1964	mens-1000-metres-time-trial	Gold	BEL	Patrick Sercu	patrick-sercu-1	http://www.sports-reference.com/olympics/athletes/se/patrick-sercu-1.html
1964	mens-1000-metres-time-trial	Silver	ITA	Giovanni Pettenella	giovanni-pettenella-1	http://www.sports-reference.com/olympics/athletes/pe/giovanni-pettenella-1.html
1964	mens-1000-metres-time-trial	Bronze	FRA	Pierre Trentin	pierre-trentin-1	http://www.sports-reference.com/olympics/athletes/tr/pierre-trentin-1.html
1960	mens-1000-metres-time-trial	Gold	ITA	Sante Gaiardoni	sante-gaiardoni-1	http://www.sports-reference.com/olympics/athletes/ga/sante-gaiardoni-1.html
1960	mens-1000-metres-time-trial	Silver	GER	Dieter Gieseler	dieter-gieseler-1	http://www.sports-reference.com/olympics/athletes/gi/dieter-gieseler-1.html
1960	mens-1000-metres-time-trial	Bronze	URS	Rostislav Vargashkin	rostislav-vargashkin-1	http://www.sports-reference.com/olympics/athletes/va/rostislav-vargashkin-1.html
1956	mens-1000-metres-time-trial	Gold	ITA	Leandro Faggin	leandro-faggin-1	http://www.sports-reference.com/olympics/athletes/fa/leandro-faggin-1.html
1956	mens-1000-metres-time-trial	Silver	TCH	Ladislav FouÄek	ladislav-foucek-1	http://www.sports-reference.com/olympics/athletes/fo/ladislav-foucek-1.html
1956	mens-1000-metres-time-trial	Bronze	RSA	Jimmy Swift	jimmy-swift-1	http://www.sports-reference.com/olympics/athletes/sw/jimmy-swift-1.html
1952	mens-1000-metres-time-trial	Gold	AUS	Russell Mockridge	russell-mockridge-1	http://www.sports-reference.com/olympics/athletes/mo/russell-mockridge-1.html
1952	mens-1000-metres-time-trial	Silver	ITA	Marino Morettini	marino-morettini-1	http://www.sports-reference.com/olympics/athletes/mo/marino-morettini-1.html
1952	mens-1000-metres-time-trial	Bronze	RSA	Ray Robinson	ray-robinson-1	http://www.sports-reference.com/olympics/athletes/ro/ray-robinson-1.html
1948	mens-1000-metres-time-trial	Gold	FRA	Jacques Dupont	jacques-dupont-1	http://www.sports-reference.com/olympics/athletes/du/jacques-dupont-1.html
1948	mens-1000-metres-time-trial	Silver	BEL	Pierre Nihant	pierre-nihant-1	http://www.sports-reference.com/olympics/athletes/ni/pierre-nihant-1.html
1948	mens-1000-metres-time-trial	Bronze	GBR	Tommy Godwin	tommy-godwin-1	http://www.sports-reference.com/olympics/athletes/go/tommy-godwin-1.html
1936	mens-1000-metres-time-trial	Gold	NED	Arie van Vliet	arie-van-vliet-1	http://www.sports-reference.com/olympics/athletes/va/arie-van-vliet-1.html
1936	mens-1000-metres-time-trial	Silver	FRA	Pierre Georget	pierre-georget-1	http://www.sports-reference.com/olympics/athletes/ge/pierre-georget-1.html
1936	mens-1000-metres-time-trial	Bronze	GER	Rudolf Karsch	rudolf-karsch-1	http://www.sports-reference.com/olympics/athletes/ka/rudolf-karsch-1.html
1932	mens-1000-metres-time-trial	Gold	AUS	Dunc Gray	dunc-gray-1	http://www.sports-reference.com/olympics/athletes/gr/dunc-gray-1.html
1932	mens-1000-metres-time-trial	Silver	NED	Jacques van Egmond	jacques-van-egmond-1	http://www.sports-reference.com/olympics/athletes/va/jacques-van-egmond-1.html
1932	mens-1000-metres-time-trial	Bronze	FRA	Charles Rampelberg	charles-rampelberg-1	http://www.sports-reference.com/olympics/athletes/ra/charles-rampelberg-1.html
1928	mens-1000-metres-time-trial	Gold	DEN	Willy Falck Hansen	willy-falck-hansen-1	http://www.sports-reference.com/olympics/athletes/ha/willy-falck-hansen-1.html
1928	mens-1000-metres-time-trial	Silver	NED	Gerard Bosch van Drakestein	gerard-bosch-van-drakestein-1	http://www.sports-reference.com/olympics/athletes/bo/gerard-bosch-van-drakestein-1.html
1928	mens-1000-metres-time-trial	Bronze	AUS	Dunc Gray	dunc-gray-1	http://www.sports-reference.com/olympics/athletes/gr/dunc-gray-1.html
2012	mens-keirin	Gold	GBR	Chris Hoy	chris-hoy-1	http://www.sports-reference.com/olympics/athletes/ho/chris-hoy-1.html
2012	mens-keirin	Silver	GER	Maximilian Levy	maximilian-levy-1	http://www.sports-reference.com/olympics/athletes/le/maximilian-levy-1.html
2012	mens-keirin	Bronze	NED	Teun Mulder	teun-mulder-1	http://www.sports-reference.com/olympics/athletes/mu/teun-mulder-1.html
2008	mens-keirin	Gold	GBR	Chris Hoy	chris-hoy-1	http://www.sports-reference.com/olympics/athletes/ho/chris-hoy-1.html
2008	mens-keirin	Silver	GBR	Ross Edgar	ross-edgar-1	http://www.sports-reference.com/olympics/athletes/ed/ross-edgar-1.html
2008	mens-keirin	Bronze	JPN	Kiyofumi Nagai	kiyofumi-nagai-1	http://www.sports-reference.com/olympics/athletes/na/kiyofumi-nagai-1.html
2004	mens-keirin	Gold	AUS	Ryan Bayley	ryan-bayley-1	http://www.sports-reference.com/olympics/athletes/ba/ryan-bayley-1.html
2004	mens-keirin	Silver	ESP	JosÃ© Antonio Escuredo	jose-antonio-escuredo-1	http://www.sports-reference.com/olympics/athletes/es/jose-antonio-escuredo-1.html
2004	mens-keirin	Bronze	AUS	Shane Kelly	shane-kelly-1	http://www.sports-reference.com/olympics/athletes/ke/shane-kelly-1.html
2000	mens-keirin	Gold	FRA	Florian Rousseau	florian-rousseau-1	http://www.sports-reference.com/olympics/athletes/ro/florian-rousseau-1.html
2000	mens-keirin	Silver	AUS	Gary Neiwand	gary-neiwand-1	http://www.sports-reference.com/olympics/athletes/ne/gary-neiwand-1.html
2000	mens-keirin	Bronze	GER	Jens Fiedler	jens-fiedler-1	http://www.sports-reference.com/olympics/athletes/fi/jens-fiedler-1.html
1972	mens-tandem-sprint-2000-metres	Gold	URS	Soviet Union		http://www.sports-reference.com/olympics/countries/URS/summer/1972/CYC/
1972	mens-tandem-sprint-2000-metres	Silver	GDR	East Germany		http://www.sports-reference.com/olympics/countries/GDR/summer/1972/CYC/
1972	mens-tandem-sprint-2000-metres	Bronze	POL	Poland		http://www.sports-reference.com/olympics/countries/POL/summer/1972/CYC/
1968	mens-tandem-sprint-2000-metres	Gold	FRA	France		http://www.sports-reference.com/olympics/countries/FRA/summer/1968/CYC/
1968	mens-tandem-sprint-2000-metres	Silver	NED	Netherlands		http://www.sports-reference.com/olympics/countries/NED/summer/1968/CYC/
1968	mens-tandem-sprint-2000-metres	Bronze	BEL	Belgium		http://www.sports-reference.com/olympics/countries/BEL/summer/1968/CYC/
1964	mens-tandem-sprint-2000-metres	Gold	ITA	Italy		http://www.sports-reference.com/olympics/countries/ITA/summer/1964/CYC/
1964	mens-tandem-sprint-2000-metres	Silver	URS	Soviet Union		http://www.sports-reference.com/olympics/countries/URS/summer/1964/CYC/
1964	mens-tandem-sprint-2000-metres	Bronze	GER	Germany		http://www.sports-reference.com/olympics/countries/GER/summer/1964/CYC/
1960	mens-tandem-sprint-2000-metres	Gold	ITA	Italy		http://www.sports-reference.com/olympics/countries/ITA/summer/1960/CYC/
1960	mens-tandem-sprint-2000-metres	Silver	GER	Germany		http://www.sports-reference.com/olympics/countries/GER/summer/1960/CYC/
1960	mens-tandem-sprint-2000-metres	Bronze	URS	Soviet Union		http://www.sports-reference.com/olympics/countries/URS/summer/1960/CYC/
1956	mens-tandem-sprint-2000-metres	Gold	AUS	Australia		http://www.sports-reference.com/olympics/countries/AUS/summer/1956/CYC/
1956	mens-tandem-sprint-2000-metres	Silver	TCH	Czechoslovakia		http://www.sports-reference.com/olympics/countries/TCH/summer/1956/CYC/
1956	mens-tandem-sprint-2000-metres	Bronze	ITA	Italy		http://www.sports-reference.com/olympics/countries/ITA/summer/1956/CYC/
1952	mens-tandem-sprint-2000-metres	Gold	AUS	Australia		http://www.sports-reference.com/olympics/countries/AUS/summer/1952/CYC/
1952	mens-tandem-sprint-2000-metres	Silver	RSA	South Africa		http://www.sports-reference.com/olympics/countries/RSA/summer/1952/CYC/
1952	mens-tandem-sprint-2000-metres	Bronze	ITA	Italy		http://www.sports-reference.com/olympics/countries/ITA/summer/1952/CYC/
1948	mens-tandem-sprint-2000-metres	Gold	ITA	Italy		http://www.sports-reference.com/olympics/countries/ITA/summer/1948/CYC/
1948	mens-tandem-sprint-2000-metres	Silver	GBR	Great Britain		http://www.sports-reference.com/olympics/countries/GBR/summer/1948/CYC/
1948	mens-tandem-sprint-2000-metres	Bronze	FRA	France		http://www.sports-reference.com/olympics/countries/FRA/summer/1948/CYC/
1936	mens-tandem-sprint-2000-metres	Gold	GER	Germany		http://www.sports-reference.com/olympics/countries/GER/summer/1936/CYC/
1936	mens-tandem-sprint-2000-metres	Silver	NED	Netherlands		http://www.sports-reference.com/olympics/countries/NED/summer/1936/CYC/
1936	mens-tandem-sprint-2000-metres	Bronze	FRA	France		http://www.sports-reference.com/olympics/countries/FRA/summer/1936/CYC/
1932	mens-tandem-sprint-2000-metres	Gold	FRA	France		http://www.sports-reference.com/olympics/countries/FRA/summer/1932/CYC/
1932	mens-tandem-sprint-2000-metres	Silver	GBR	Great Britain		http://www.sports-reference.com/olympics/countries/GBR/summer/1932/CYC/
1932	mens-tandem-sprint-2000-metres	Bronze	DEN	Denmark		http://www.sports-reference.com/olympics/countries/DEN/summer/1932/CYC/
1928	mens-tandem-sprint-2000-metres	Gold	NED	Netherlands		http://www.sports-reference.com/olympics/countries/NED/summer/1928/CYC/
1928	mens-tandem-sprint-2000-metres	Silver	GBR	Great Britain		http://www.sports-reference.com/olympics/countries/GBR/summer/1928/CYC/
1928	mens-tandem-sprint-2000-metres	Bronze	GER	Germany		http://www.sports-reference.com/olympics/countries/GER/summer/1928/CYC/
1924	mens-tandem-sprint-2000-metres	Gold	FRA	France		http://www.sports-reference.com/olympics/countries/FRA/summer/1924/CYC/
1924	mens-tandem-sprint-2000-metres	Silver	DEN	Denmark		http://www.sports-reference.com/olympics/countries/DEN/summer/1924/CYC/
1924	mens-tandem-sprint-2000-metres	Bronze	NED	Netherlands		http://www.sports-reference.com/olympics/countries/NED/summer/1924/CYC/
1920	mens-tandem-sprint-2000-metres	Gold	GBR	Great Britain		http://www.sports-reference.com/olympics/countries/GBR/summer/1920/CYC/
1920	mens-tandem-sprint-2000-metres	Silver	RSA	South Africa		http://www.sports-reference.com/olympics/countries/RSA/summer/1920/CYC/
1920	mens-tandem-sprint-2000-metres	Bronze	NED	Netherlands		http://www.sports-reference.com/olympics/countries/NED/summer/1920/CYC/
1908	mens-tandem-sprint-2000-metres	Gold	FRA	France		http://www.sports-reference.com/olympics/countries/FRA/summer/1908/CYC/
1908	mens-tandem-sprint-2000-metres	Silver	GBR	Great Britain		http://www.sports-reference.com/olympics/countries/GBR/summer/1908/CYC/
1908	mens-tandem-sprint-2000-metres	Bronze	GBR	Great Britain		http://www.sports-reference.com/olympics/countries/GBR/summer/1908/CYC/
1906	mens-tandem-sprint-2000-metres	Gold	GBR	Great Britain		http://www.sports-reference.com/olympics/countries/GBR/summer/1906/CYC/
1906	mens-tandem-sprint-2000-metres	Silver	GER	Germany		http://www.sports-reference.com/olympics/countries/GER/summer/1906/CYC/
1906	mens-tandem-sprint-2000-metres	Bronze	GER	Germany		http://www.sports-reference.com/olympics/countries/GER/summer/1906/CYC/
2012	mens-team-sprint	Gold	GBR	Great Britain		http://www.sports-reference.com/olympics/countries/GBR/summer/2012/CYC/
2012	mens-team-sprint	Silver	FRA	France		http://www.sports-reference.com/olympics/countries/FRA/summer/2012/CYC/
2012	mens-team-sprint	Bronze	GER	Germany		http://www.sports-reference.com/olympics/countries/GER/summer/2012/CYC/
2008	mens-team-sprint	Gold	GBR	Great Britain		http://www.sports-reference.com/olympics/countries/GBR/summer/2008/CYC/
2008	mens-team-sprint	Silver	FRA	France		http://www.sports-reference.com/olympics/countries/FRA/summer/2008/CYC/
2008	mens-team-sprint	Bronze	GER	Germany		http://www.sports-reference.com/olympics/countries/GER/summer/2008/CYC/
2004	mens-team-sprint	Gold	GER	Germany		http://www.sports-reference.com/olympics/countries/GER/summer/2004/CYC/
2004	mens-team-sprint	Silver	JPN	Japan		http://www.sports-reference.com/olympics/countries/JPN/summer/2004/CYC/
2004	mens-team-sprint	Bronze	FRA	France		http://www.sports-reference.com/olympics/countries/FRA/summer/2004/CYC/
2000	mens-team-sprint	Gold	FRA	France		http://www.sports-reference.com/olympics/countries/FRA/summer/2000/CYC/
2000	mens-team-sprint	Silver	GBR	Great Britain		http://www.sports-reference.com/olympics/countries/GBR/summer/2000/CYC/
2000	mens-team-sprint	Bronze	AUS	Australia		http://www.sports-reference.com/olympics/countries/AUS/summer/2000/CYC/
2008	mens-individual-pursuit-4000-metres	Gold	GBR	Bradley Wiggins	bradley-wiggins-1	http://www.sports-reference.com/olympics/athletes/wi/bradley-wiggins-1.html
2008	mens-individual-pursuit-4000-metres	Silver	NZL	Hayden Roulston	hayden-roulston-1	http://www.sports-reference.com/olympics/athletes/ro/hayden-roulston-1.html
2008	mens-individual-pursuit-4000-metres	Bronze	GBR	Steven Burke	steven-burke-1	http://www.sports-reference.com/olympics/athletes/bu/steven-burke-1.html
2004	mens-individual-pursuit-4000-metres	Gold	GBR	Bradley Wiggins	bradley-wiggins-1	http://www.sports-reference.com/olympics/athletes/wi/bradley-wiggins-1.html
2004	mens-individual-pursuit-4000-metres	Silver	AUS	Brad McGee	brad-mcgee-1	http://www.sports-reference.com/olympics/athletes/mc/brad-mcgee-1.html
2004	mens-individual-pursuit-4000-metres	Bronze	ESP	Sergi Escobar	sergi-escobar-1	http://www.sports-reference.com/olympics/athletes/es/sergi-escobar-1.html
2000	mens-individual-pursuit-4000-metres	Gold	GER	Robert Bartko	robert-bartko-1	http://www.sports-reference.com/olympics/athletes/ba/robert-bartko-1.html
2000	mens-individual-pursuit-4000-metres	Silver	GER	Jens Lehmann	jens-lehmann-1	http://www.sports-reference.com/olympics/athletes/le/jens-lehmann-1.html
2000	mens-individual-pursuit-4000-metres	Bronze	AUS	Brad McGee	brad-mcgee-1	http://www.sports-reference.com/olympics/athletes/mc/brad-mcgee-1.html
1996	mens-individual-pursuit-4000-metres	Gold	ITA	Andrea Collinelli	andrea-collinelli-1	http://www.sports-reference.com/olympics/athletes/co/andrea-collinelli-1.html
1996	mens-individual-pursuit-4000-metres	Silver	FRA	Philippe Ermenault	philippe-ermenault-1	http://www.sports-reference.com/olympics/athletes/er/philippe-ermenault-1.html
1996	mens-individual-pursuit-4000-metres	Bronze	AUS	Brad McGee	brad-mcgee-1	http://www.sports-reference.com/olympics/athletes/mc/brad-mcgee-1.html
1992	mens-individual-pursuit-4000-metres	Gold	GBR	Chris Boardman	chris-boardman-1	http://www.sports-reference.com/olympics/athletes/bo/chris-boardman-1.html
1992	mens-individual-pursuit-4000-metres	Silver	GER	Jens Lehmann	jens-lehmann-1	http://www.sports-reference.com/olympics/athletes/le/jens-lehmann-1.html
1992	mens-individual-pursuit-4000-metres	Bronze	NZL	Gary Anderson	gary-anderson-1	http://www.sports-reference.com/olympics/athletes/an/gary-anderson-1.html
1988	mens-individual-pursuit-4000-metres	Gold	URS	Gintautas Umaras	gintautas-umaras-1	http://www.sports-reference.com/olympics/athletes/um/gintautas-umaras-1.html
1988	mens-individual-pursuit-4000-metres	Silver	AUS	Dean Woods	dean-woods-1	http://www.sports-reference.com/olympics/athletes/wo/dean-woods-1.html
1988	mens-individual-pursuit-4000-metres	Bronze	GDR	Bernd Dittert	bernd-dittert-1	http://www.sports-reference.com/olympics/athletes/di/bernd-dittert-1.html
1984	mens-individual-pursuit-4000-metres	Gold	USA	Steve Hegg	steve-hegg-1	http://www.sports-reference.com/olympics/athletes/he/steve-hegg-1.html
1984	mens-individual-pursuit-4000-metres	Silver	FRG	Rolf GÃ¶lz	rolf-golz-1	http://www.sports-reference.com/olympics/athletes/go/rolf-golz-1.html
1984	mens-individual-pursuit-4000-metres	Bronze	USA	Leonard Harvey Nitz	leonard-harvey-nitz-1	http://www.sports-reference.com/olympics/athletes/ni/leonard-harvey-nitz-1.html
1980	mens-individual-pursuit-4000-metres	Gold	SUI	Robert Dill-Bundi	robert-dill-bundi-1	http://www.sports-reference.com/olympics/athletes/di/robert-dill-bundi-1.html
1980	mens-individual-pursuit-4000-metres	Silver	FRA	Alain Bondue	alain-bondue-1	http://www.sports-reference.com/olympics/athletes/bo/alain-bondue-1.html
1980	mens-individual-pursuit-4000-metres	Bronze	DEN	Hans-Henrik Ãrsted	hans-henrik-orsted-1	http://www.sports-reference.com/olympics/athletes/or/hans-henrik-orsted-1.html
1976	mens-individual-pursuit-4000-metres	Gold	FRG	Gregor Braun	gregor-braun-1	http://www.sports-reference.com/olympics/athletes/br/gregor-braun-1.html
1976	mens-individual-pursuit-4000-metres	Silver	NED	Herman Ponsteen	herman-ponsteen-1	http://www.sports-reference.com/olympics/athletes/po/herman-ponsteen-1.html
1976	mens-individual-pursuit-4000-metres	Bronze	GDR	Thomas Huschke	thomas-huschke-1	http://www.sports-reference.com/olympics/athletes/hu/thomas-huschke-1.html
1972	mens-individual-pursuit-4000-metres	Gold	NOR	Knut Knudsen	knut-knudsen-1	http://www.sports-reference.com/olympics/athletes/kn/knut-knudsen-1.html
1972	mens-individual-pursuit-4000-metres	Silver	SUI	Xaver Kurmann	xaver-kurmann-1	http://www.sports-reference.com/olympics/athletes/ku/xaver-kurmann-1.html
1972	mens-individual-pursuit-4000-metres	Bronze	FRG	Hans Lutz	hans-lutz-1	http://www.sports-reference.com/olympics/athletes/lu/hans-lutz-1.html
1968	mens-individual-pursuit-4000-metres	Gold	FRA	Daniel RÃ©billard	daniel-rebillard-1	http://www.sports-reference.com/olympics/athletes/re/daniel-rebillard-1.html
1968	mens-individual-pursuit-4000-metres	Silver	DEN	Mogens Frey Jensen	mogens-frey-jensen-1	http://www.sports-reference.com/olympics/athletes/je/mogens-frey-jensen-1.html
1968	mens-individual-pursuit-4000-metres	Bronze	SUI	Xaver Kurmann	xaver-kurmann-1	http://www.sports-reference.com/olympics/athletes/ku/xaver-kurmann-1.html
1964	mens-individual-pursuit-4000-metres	Gold	TCH	JiÅÃ­ Daler	jiri-daler-1	http://www.sports-reference.com/olympics/athletes/da/jiri-daler-1.html
1964	mens-individual-pursuit-4000-metres	Silver	ITA	Giorgio Ursi	giorgio-ursi-1	http://www.sports-reference.com/olympics/athletes/ur/giorgio-ursi-1.html
1964	mens-individual-pursuit-4000-metres	Bronze	DEN	Preben Isaksson	preben-isaksson-1	http://www.sports-reference.com/olympics/athletes/is/preben-isaksson-1.html
1908	mens-team-pursuit-1980-yards	Gold	GBR	Great Britain		http://www.sports-reference.com/olympics/countries/GBR/summer/1908/CYC/
1908	mens-team-pursuit-1980-yards	Silver	GER	Germany		http://www.sports-reference.com/olympics/countries/GER/summer/1908/CYC/
1908	mens-team-pursuit-1980-yards	Bronze	CAN	Canada		http://www.sports-reference.com/olympics/countries/CAN/summer/1908/CYC/
2012	mens-team-pursuit-4000-metres	Gold	GBR	Great Britain		http://www.sports-reference.com/olympics/countries/GBR/summer/2012/CYC/
2012	mens-team-pursuit-4000-metres	Silver	AUS	Australia		http://www.sports-reference.com/olympics/countries/AUS/summer/2012/CYC/
2012	mens-team-pursuit-4000-metres	Bronze	NZL	New Zealand		http://www.sports-reference.com/olympics/countries/NZL/summer/2012/CYC/
2008	mens-team-pursuit-4000-metres	Gold	GBR	Great Britain		http://www.sports-reference.com/olympics/countries/GBR/summer/2008/CYC/
2008	mens-team-pursuit-4000-metres	Silver	DEN	Denmark		http://www.sports-reference.com/olympics/countries/DEN/summer/2008/CYC/
2008	mens-team-pursuit-4000-metres	Bronze	NZL	New Zealand		http://www.sports-reference.com/olympics/countries/NZL/summer/2008/CYC/
2004	mens-team-pursuit-4000-metres	Gold	AUS	Australia		http://www.sports-reference.com/olympics/countries/AUS/summer/2004/CYC/
2004	mens-team-pursuit-4000-metres	Silver	GBR	Great Britain		http://www.sports-reference.com/olympics/countries/GBR/summer/2004/CYC/
2004	mens-team-pursuit-4000-metres	Bronze	ESP	Spain		http://www.sports-reference.com/olympics/countries/ESP/summer/2004/CYC/
2000	mens-team-pursuit-4000-metres	Gold	GER	Germany		http://www.sports-reference.com/olympics/countries/GER/summer/2000/CYC/
2000	mens-team-pursuit-4000-metres	Silver	UKR	Ukraine		http://www.sports-reference.com/olympics/countries/UKR/summer/2000/CYC/
2000	mens-team-pursuit-4000-metres	Bronze	GBR	Great Britain		http://www.sports-reference.com/olympics/countries/GBR/summer/2000/CYC/
1996	mens-team-pursuit-4000-metres	Gold	FRA	France		http://www.sports-reference.com/olympics/countries/FRA/summer/1996/CYC/
1996	mens-team-pursuit-4000-metres	Silver	RUS	Russia		http://www.sports-reference.com/olympics/countries/RUS/summer/1996/CYC/
1996	mens-team-pursuit-4000-metres	Bronze	AUS	Australia		http://www.sports-reference.com/olympics/countries/AUS/summer/1996/CYC/
1992	mens-team-pursuit-4000-metres	Gold	GER	Germany		http://www.sports-reference.com/olympics/countries/GER/summer/1992/CYC/
1992	mens-team-pursuit-4000-metres	Silver	AUS	Australia		http://www.sports-reference.com/olympics/countries/AUS/summer/1992/CYC/
1992	mens-team-pursuit-4000-metres	Bronze	DEN	Denmark		http://www.sports-reference.com/olympics/countries/DEN/summer/1992/CYC/
1988	mens-team-pursuit-4000-metres	Gold	URS	Soviet Union		http://www.sports-reference.com/olympics/countries/URS/summer/1988/CYC/
1988	mens-team-pursuit-4000-metres	Silver	GDR	East Germany		http://www.sports-reference.com/olympics/countries/GDR/summer/1988/CYC/
1988	mens-team-pursuit-4000-metres	Bronze	AUS	Australia		http://www.sports-reference.com/olympics/countries/AUS/summer/1988/CYC/
1984	mens-team-pursuit-4000-metres	Gold	AUS	Australia		http://www.sports-reference.com/olympics/countries/AUS/summer/1984/CYC/
1984	mens-team-pursuit-4000-metres	Silver	USA	United States		http://www.sports-reference.com/olympics/countries/USA/summer/1984/CYC/
1984	mens-team-pursuit-4000-metres	Bronze	FRG	West Germany		http://www.sports-reference.com/olympics/countries/FRG/summer/1984/CYC/
1980	mens-team-pursuit-4000-metres	Gold	URS	Soviet Union		http://www.sports-reference.com/olympics/countries/URS/summer/1980/CYC/
1980	mens-team-pursuit-4000-metres	Silver	GDR	East Germany		http://www.sports-reference.com/olympics/countries/GDR/summer/1980/CYC/
1980	mens-team-pursuit-4000-metres	Bronze	TCH	Czechoslovakia		http://www.sports-reference.com/olympics/countries/TCH/summer/1980/CYC/
1976	mens-team-pursuit-4000-metres	Gold	FRG	West Germany		http://www.sports-reference.com/olympics/countries/FRG/summer/1976/CYC/
1976	mens-team-pursuit-4000-metres	Silver	URS	Soviet Union		http://www.sports-reference.com/olympics/countries/URS/summer/1976/CYC/
1976	mens-team-pursuit-4000-metres	Bronze	GBR	Great Britain		http://www.sports-reference.com/olympics/countries/GBR/summer/1976/CYC/
1972	mens-team-pursuit-4000-metres	Gold	FRG	West Germany		http://www.sports-reference.com/olympics/countries/FRG/summer/1972/CYC/
1972	mens-team-pursuit-4000-metres	Silver	GDR	East Germany		http://www.sports-reference.com/olympics/countries/GDR/summer/1972/CYC/
1972	mens-team-pursuit-4000-metres	Bronze	GBR	Great Britain		http://www.sports-reference.com/olympics/countries/GBR/summer/1972/CYC/
1968	mens-team-pursuit-4000-metres	Gold	DEN	Denmark		http://www.sports-reference.com/olympics/countries/DEN/summer/1968/CYC/
1968	mens-team-pursuit-4000-metres	Silver	FRG	West Germany		http://www.sports-reference.com/olympics/countries/FRG/summer/1968/CYC/
1968	mens-team-pursuit-4000-metres	Bronze	ITA	Italy		http://www.sports-reference.com/olympics/countries/ITA/summer/1968/CYC/
1964	mens-team-pursuit-4000-metres	Gold	GER	Germany		http://www.sports-reference.com/olympics/countries/GER/summer/1964/CYC/
1964	mens-team-pursuit-4000-metres	Silver	ITA	Italy		http://www.sports-reference.com/olympics/countries/ITA/summer/1964/CYC/
1964	mens-team-pursuit-4000-metres	Bronze	NED	Netherlands		http://www.sports-reference.com/olympics/countries/NED/summer/1964/CYC/
1960	mens-team-pursuit-4000-metres	Gold	ITA	Italy		http://www.sports-reference.com/olympics/countries/ITA/summer/1960/CYC/
1960	mens-team-pursuit-4000-metres	Silver	GER	Germany		http://www.sports-reference.com/olympics/countries/GER/summer/1960/CYC/
1960	mens-team-pursuit-4000-metres	Bronze	URS	Soviet Union		http://www.sports-reference.com/olympics/countries/URS/summer/1960/CYC/
1956	mens-team-pursuit-4000-metres	Gold	ITA	Italy		http://www.sports-reference.com/olympics/countries/ITA/summer/1956/CYC/
1956	mens-team-pursuit-4000-metres	Silver	FRA	France		http://www.sports-reference.com/olympics/countries/FRA/summer/1956/CYC/
1956	mens-team-pursuit-4000-metres	Bronze	GBR	Great Britain		http://www.sports-reference.com/olympics/countries/GBR/summer/1956/CYC/
1952	mens-team-pursuit-4000-metres	Gold	ITA	Italy		http://www.sports-reference.com/olympics/countries/ITA/summer/1952/CYC/
1952	mens-team-pursuit-4000-metres	Silver	RSA	South Africa		http://www.sports-reference.com/olympics/countries/RSA/summer/1952/CYC/
1952	mens-team-pursuit-4000-metres	Bronze	GBR	Great Britain		http://www.sports-reference.com/olympics/countries/GBR/summer/1952/CYC/
1948	mens-team-pursuit-4000-metres	Gold	FRA	France		http://www.sports-reference.com/olympics/countries/FRA/summer/1948/CYC/
1948	mens-team-pursuit-4000-metres	Silver	ITA	Italy		http://www.sports-reference.com/olympics/countries/ITA/summer/1948/CYC/
1948	mens-team-pursuit-4000-metres	Bronze	GBR	Great Britain		http://www.sports-reference.com/olympics/countries/GBR/summer/1948/CYC/
1936	mens-team-pursuit-4000-metres	Gold	FRA	France		http://www.sports-reference.com/olympics/countries/FRA/summer/1936/CYC/
1936	mens-team-pursuit-4000-metres	Silver	ITA	Italy		http://www.sports-reference.com/olympics/countries/ITA/summer/1936/CYC/
1936	mens-team-pursuit-4000-metres	Bronze	GBR	Great Britain		http://www.sports-reference.com/olympics/countries/GBR/summer/1936/CYC/
1932	mens-team-pursuit-4000-metres	Gold	ITA	Italy		http://www.sports-reference.com/olympics/countries/ITA/summer/1932/CYC/
1932	mens-team-pursuit-4000-metres	Silver	FRA	France		http://www.sports-reference.com/olympics/countries/FRA/summer/1932/CYC/
1932	mens-team-pursuit-4000-metres	Bronze	GBR	Great Britain		http://www.sports-reference.com/olympics/countries/GBR/summer/1932/CYC/
1928	mens-team-pursuit-4000-metres	Gold	ITA	Italy		http://www.sports-reference.com/olympics/countries/ITA/summer/1928/CYC/
1928	mens-team-pursuit-4000-metres	Silver	NED	Netherlands		http://www.sports-reference.com/olympics/countries/NED/summer/1928/CYC/
1928	mens-team-pursuit-4000-metres	Bronze	GBR	Great Britain		http://www.sports-reference.com/olympics/countries/GBR/summer/1928/CYC/
1924	mens-team-pursuit-4000-metres	Gold	ITA	Italy		http://www.sports-reference.com/olympics/countries/ITA/summer/1924/CYC/
1924	mens-team-pursuit-4000-metres	Silver	POL	Poland		http://www.sports-reference.com/olympics/countries/POL/summer/1924/CYC/
1924	mens-team-pursuit-4000-metres	Bronze	BEL	Belgium		http://www.sports-reference.com/olympics/countries/BEL/summer/1924/CYC/
1920	mens-team-pursuit-4000-metres	Gold	ITA	Italy		http://www.sports-reference.com/olympics/countries/ITA/summer/1920/CYC/
1920	mens-team-pursuit-4000-metres	Silver	GBR	Great Britain		http://www.sports-reference.com/olympics/countries/GBR/summer/1920/CYC/
1920	mens-team-pursuit-4000-metres	Bronze	RSA	South Africa		http://www.sports-reference.com/olympics/countries/RSA/summer/1920/CYC/
2008	mens-points-race	Gold	ESP	Joan Llaneras	joan-llaneras-1	http://www.sports-reference.com/olympics/athletes/ll/joan-llaneras-1.html
2008	mens-points-race	Silver	GER	Roger Kluge	roger-kluge-1	http://www.sports-reference.com/olympics/athletes/kl/roger-kluge-1.html
2008	mens-points-race	Bronze	GBR	Chris Newton	chris-newton-2	http://www.sports-reference.com/olympics/athletes/ne/chris-newton-2.html
2004	mens-points-race	Gold	RUS	Mikhail Ignatyev	mikhail-ignatyev-1	http://www.sports-reference.com/olympics/athletes/ig/mikhail-ignatyev-1.html
2004	mens-points-race	Silver	ESP	Joan Llaneras	joan-llaneras-1	http://www.sports-reference.com/olympics/athletes/ll/joan-llaneras-1.html
2004	mens-points-race	Bronze	GER	Guido Fulst	guido-fulst-1	http://www.sports-reference.com/olympics/athletes/fu/guido-fulst-1.html
2000	mens-points-race	Gold	ESP	Joan Llaneras	joan-llaneras-1	http://www.sports-reference.com/olympics/athletes/ll/joan-llaneras-1.html
2000	mens-points-race	Silver	URU	Milton Wynants	milton-wynants-1	http://www.sports-reference.com/olympics/athletes/wy/milton-wynants-1.html
2000	mens-points-race	Bronze	RUS	Aleksey Markov	aleksey-markov-1	http://www.sports-reference.com/olympics/athletes/ma/aleksey-markov-1.html
1996	mens-points-race	Gold	ITA	Silvio Martinello	silvio-martinello-1	http://www.sports-reference.com/olympics/athletes/ma/silvio-martinello-1.html
1996	mens-points-race	Silver	CAN	Brian Walton	brian-walton-1	http://www.sports-reference.com/olympics/athletes/wa/brian-walton-1.html
1996	mens-points-race	Bronze	AUS	Stuart O'Grady	stuart-ogrady-1	http://www.sports-reference.com/olympics/athletes/og/stuart-ogrady-1.html
1992	mens-points-race	Gold	ITA	Giovanni Lombardi	giovanni-lombardi-1	http://www.sports-reference.com/olympics/athletes/lo/giovanni-lombardi-1.html
1992	mens-points-race	Silver	NED	LÃ©on van Bon	leon-van-bon-1	http://www.sports-reference.com/olympics/athletes/va/leon-van-bon-1.html
1992	mens-points-race	Bronze	BEL	CÃ©dric Mathy	cedric-mathy-1	http://www.sports-reference.com/olympics/athletes/ma/cedric-mathy-1.html
1988	mens-points-race	Gold	DEN	Dan Frost	dan-frost-1	http://www.sports-reference.com/olympics/athletes/fr/dan-frost-1.html
1988	mens-points-race	Silver	NED	Leo Peelen	leo-peelen-1	http://www.sports-reference.com/olympics/athletes/pe/leo-peelen-1.html
1988	mens-points-race	Bronze	URS	Marat Ganeyev	marat-ganeyev-1	http://www.sports-reference.com/olympics/athletes/ga/marat-ganeyev-1.html
1984	mens-points-race	Gold	BEL	Roger Ilegems	roger-ilegems-1	http://www.sports-reference.com/olympics/athletes/il/roger-ilegems-1.html
1984	mens-points-race	Silver	FRG	Uwe Messerschmidt	uwe-messerschmidt-1	http://www.sports-reference.com/olympics/athletes/me/uwe-messerschmidt-1.html
1984	mens-points-race	Bronze	MEX	Manuel Youshimatz	manuel-youshimatz-1	http://www.sports-reference.com/olympics/athletes/yo/manuel-youshimatz-1.html
1900	mens-points-race	Gold	ITA	Enrico Brusoni	enrico-brusoni-1	http://www.sports-reference.com/olympics/athletes/br/enrico-brusoni-1.html
1900	mens-points-race	Silver	GER	Karl Duill	karl-duill-1	http://www.sports-reference.com/olympics/athletes/du/karl-duill-1.html
1900	mens-points-race	Bronze	FRA	Louis Trousselier	louis-trousselier-1	http://www.sports-reference.com/olympics/athletes/tr/louis-trousselier-1.html
2008	mens-madison	Gold	ARG	Argentina		http://www.sports-reference.com/olympics/countries/ARG/summer/2008/CYC/
2008	mens-madison	Silver	ESP	Spain		http://www.sports-reference.com/olympics/countries/ESP/summer/2008/CYC/
2008	mens-madison	Bronze	RUS	Russia		http://www.sports-reference.com/olympics/countries/RUS/summer/2008/CYC/
2004	mens-madison	Gold	AUS	Australia		http://www.sports-reference.com/olympics/countries/AUS/summer/2004/CYC/
2004	mens-madison	Silver	SUI	Switzerland		http://www.sports-reference.com/olympics/countries/SUI/summer/2004/CYC/
2004	mens-madison	Bronze	GBR	Great Britain		http://www.sports-reference.com/olympics/countries/GBR/summer/2004/CYC/
2000	mens-madison	Gold	AUS	Australia		http://www.sports-reference.com/olympics/countries/AUS/summer/2000/CYC/
2000	mens-madison	Silver	BEL	Belgium		http://www.sports-reference.com/olympics/countries/BEL/summer/2000/CYC/
2000	mens-madison	Bronze	ITA	Italy		http://www.sports-reference.com/olympics/countries/ITA/summer/2000/CYC/
2012	mens-omnium	Gold	DEN	Lasse Norman Hansen	lasse-norman-hansen-1	http://www.sports-reference.com/olympics/athletes/ha/lasse-norman-hansen-1.html
2012	mens-omnium	Silver	FRA	Bryan Coquard	bryan-coquard-1	http://www.sports-reference.com/olympics/athletes/co/bryan-coquard-1.html
2012	mens-omnium	Bronze	GBR	Ed Clancy	ed-clancy-1	http://www.sports-reference.com/olympics/athletes/cl/ed-clancy-1.html
1904	mens-1-4-mile	Gold	USA	Marcus Hurley	marcus-hurley-1	http://www.sports-reference.com/olympics/athletes/hu/marcus-hurley-1.html
1904	mens-1-4-mile	Silver	USA	Burton Downing	burton-downing-1	http://www.sports-reference.com/olympics/athletes/do/burton-downing-1.html
1904	mens-1-4-mile	Bronze	USA	Teddy Billington	teddy-billington-1	http://www.sports-reference.com/olympics/athletes/bi/teddy-billington-1.html
1904	mens-1-3-mile	Gold	USA	Marcus Hurley	marcus-hurley-1	http://www.sports-reference.com/olympics/athletes/hu/marcus-hurley-1.html
1904	mens-1-3-mile	Silver	USA	Burton Downing	burton-downing-1	http://www.sports-reference.com/olympics/athletes/do/burton-downing-1.html
1904	mens-1-3-mile	Bronze	USA	Teddy Billington	teddy-billington-1	http://www.sports-reference.com/olympics/athletes/bi/teddy-billington-1.html
1904	mens-1-2-mile	Gold	USA	Marcus Hurley	marcus-hurley-1	http://www.sports-reference.com/olympics/athletes/hu/marcus-hurley-1.html
1904	mens-1-2-mile	Silver	USA	Teddy Billington	teddy-billington-1	http://www.sports-reference.com/olympics/athletes/bi/teddy-billington-1.html
1904	mens-1-2-mile	Bronze	USA	Burton Downing	burton-downing-1	http://www.sports-reference.com/olympics/athletes/do/burton-downing-1.html
1904	mens-1-mile	Gold	USA	Marcus Hurley	marcus-hurley-1	http://www.sports-reference.com/olympics/athletes/hu/marcus-hurley-1.html
1904	mens-1-mile	Silver	USA	Burton Downing	burton-downing-1	http://www.sports-reference.com/olympics/athletes/do/burton-downing-1.html
1904	mens-1-mile	Bronze	USA	Teddy Billington	teddy-billington-1	http://www.sports-reference.com/olympics/athletes/bi/teddy-billington-1.html
1904	mens-2-mile	Gold	USA	Burton Downing	burton-downing-1	http://www.sports-reference.com/olympics/athletes/do/burton-downing-1.html
1904	mens-2-mile	Silver	USA	Oscar Goerke	oscar-goerke-1	http://www.sports-reference.com/olympics/athletes/go/oscar-goerke-1.html
1904	mens-2-mile	Bronze	USA	Marcus Hurley	marcus-hurley-1	http://www.sports-reference.com/olympics/athletes/hu/marcus-hurley-1.html
1908	mens-5000-metres	Gold	GBR	Ben Jones	ben-jones-2	http://www.sports-reference.com/olympics/athletes/jo/ben-jones-2.html
1908	mens-5000-metres	Silver	FRA	Maurice SchillÃ¨s	maurice-schilles-1	http://www.sports-reference.com/olympics/athletes/sc/maurice-schilles-1.html
1908	mens-5000-metres	Bronze	FRA	AndrÃ© Auffray	andre-auffray-1	http://www.sports-reference.com/olympics/athletes/au/andre-auffray-1.html
1906	mens-5000-metres	Gold	ITA	Francesco Verri	francesco-verri-1	http://www.sports-reference.com/olympics/athletes/ve/francesco-verri-1.html
1906	mens-5000-metres	Silver	GBR	Herbert Crowther	herbert-crowther-1	http://www.sports-reference.com/olympics/athletes/cr/herbert-crowther-1.html
1906	mens-5000-metres	Bronze	FRA	Fernand Vast	fernand-vast-1	http://www.sports-reference.com/olympics/athletes/va/fernand-vast-1.html
1904	mens-5-mile	Gold	USA	Charles Schlee	charles-schlee-1	http://www.sports-reference.com/olympics/athletes/sc/charles-schlee-1.html
1904	mens-5-mile	Silver	USA	George Wiley	george-wiley-1	http://www.sports-reference.com/olympics/athletes/wi/george-wiley-1.html
1904	mens-5-mile	Bronze	USA	Arthur Andrews	arthur-andrews-1	http://www.sports-reference.com/olympics/athletes/an/arthur-andrews-1.html
1896	mens-10000-metres	Gold	FRA	Paul Masson	paul-masson-1	http://www.sports-reference.com/olympics/athletes/ma/paul-masson-1.html
1896	mens-10000-metres	Silver	FRA	LÃ©on Flameng	leon-flameng-1	http://www.sports-reference.com/olympics/athletes/fl/leon-flameng-1.html
1896	mens-10000-metres	Bronze	AUT	Adolf Schmal	adolf-schmal-1	http://www.sports-reference.com/olympics/athletes/sc/adolf-schmal-1.html
1908	mens-20-kilometres	Gold	GBR	Clarrie Kingsbury	clarrie-kingsbury-1	http://www.sports-reference.com/olympics/athletes/ki/clarrie-kingsbury-1.html
1908	mens-20-kilometres	Silver	GBR	Ben Jones	ben-jones-2	http://www.sports-reference.com/olympics/athletes/jo/ben-jones-2.html
1908	mens-20-kilometres	Bronze	BEL	Joseph Werbrouck	joseph-werbrouck-1	http://www.sports-reference.com/olympics/athletes/we/joseph-werbrouck-1.html
1906	mens-20-kilometres	Gold	GBR	Billy Pett	billy-pett-1	http://www.sports-reference.com/olympics/athletes/pe/billy-pett-1.html
1906	mens-20-kilometres	Silver	FRA	Maurice Bardonneau	maurice-bardonneau-1	http://www.sports-reference.com/olympics/athletes/ba/maurice-bardonneau-1.html
1906	mens-20-kilometres	Bronze	FRA	Fernand Vast	fernand-vast-1	http://www.sports-reference.com/olympics/athletes/va/fernand-vast-1.html
1900	mens-25-kilometres	Gold	FRA	Louis Bastien	louis-bastien-1	http://www.sports-reference.com/olympics/athletes/ba/louis-bastien-1.html
1900	mens-25-kilometres	Silver	GBR	Lloyd Hildebrand	lloyd-hildebrand-1	http://www.sports-reference.com/olympics/athletes/hi/lloyd-hildebrand-1.html
1900	mens-25-kilometres	Bronze	FRA	Auguste Daumain	auguste-daumain-1	http://www.sports-reference.com/olympics/athletes/da/auguste-daumain-1.html
1904	mens-25-mile	Gold	USA	Burton Downing	burton-downing-1	http://www.sports-reference.com/olympics/athletes/do/burton-downing-1.html
1904	mens-25-mile	Silver	USA	Arthur Andrews	arthur-andrews-1	http://www.sports-reference.com/olympics/athletes/an/arthur-andrews-1.html
1904	mens-25-mile	Bronze	USA	George Wiley	george-wiley-1	http://www.sports-reference.com/olympics/athletes/wi/george-wiley-1.html
1924	mens-50-kilometres	Gold	NED	Ko Willems	ko-willems-1	http://www.sports-reference.com/olympics/athletes/wi/ko-willems-1.html
1924	mens-50-kilometres	Silver	GBR	Cyril Alden	cyril-alden-1	http://www.sports-reference.com/olympics/athletes/al/cyril-alden-1.html
1924	mens-50-kilometres	Bronze	GBR	Harry Wyld	harry-wyld-1	http://www.sports-reference.com/olympics/athletes/wy/harry-wyld-1.html
1920	mens-50-kilometres	Gold	BEL	Henry George	henry-george-1	http://www.sports-reference.com/olympics/athletes/ge/henry-george-1.html
1920	mens-50-kilometres	Silver	GBR	Cyril Alden	cyril-alden-1	http://www.sports-reference.com/olympics/athletes/al/cyril-alden-1.html
1920	mens-50-kilometres	Bronze	NED	Piet Ikelaar	piet-ikelaar-1	http://www.sports-reference.com/olympics/athletes/ik/piet-ikelaar-1.html
1908	mens-100-kilometres	Gold	GBR	Charles Bartlett	charles-bartlett-1	http://www.sports-reference.com/olympics/athletes/ba/charles-bartlett-1.html
1908	mens-100-kilometres	Silver	GBR	Charles Denny	charles-denny-1	http://www.sports-reference.com/olympics/athletes/de/charles-denny-1.html
1908	mens-100-kilometres	Bronze	FRA	Octave Lapize	octave-lapize-1	http://www.sports-reference.com/olympics/athletes/la/octave-lapize-1.html
1896	mens-100-kilometres	Gold	FRA	LÃ©on Flameng	leon-flameng-1	http://www.sports-reference.com/olympics/athletes/fl/leon-flameng-1.html
1896	mens-100-kilometres	Silver	GRE	Georgios Koletis	georgios-koletis-1	http://www.sports-reference.com/olympics/athletes/ko/georgios-koletis-1.html
1896	mens-100-kilometres	Bronze				
1896	mens-12-hours-race	Gold	AUT	Adolf Schmal	adolf-schmal-1	http://www.sports-reference.com/olympics/athletes/sc/adolf-schmal-1.html
1896	mens-12-hours-race	Silver	GBR	Frederick Keeping	frederick-keeping-1	http://www.sports-reference.com/olympics/athletes/ke/frederick-keeping-1.html
1896	mens-12-hours-race	Bronze				
2008	mens-mountainbike-cross-country	Gold	FRA	Julien Absalon	julien-absalon-1	http://www.sports-reference.com/olympics/athletes/ab/julien-absalon-1.html
2008	mens-mountainbike-cross-country	Silver	FRA	Jean-Christophe PÃ©raud	jean-christophe-peraud-1	http://www.sports-reference.com/olympics/athletes/pe/jean-christophe-peraud-1.html
2008	mens-mountainbike-cross-country	Bronze	SUI	Nino Schurter	nino-schurter-1	http://www.sports-reference.com/olympics/athletes/sc/nino-schurter-1.html
2004	mens-mountainbike-cross-country	Gold	FRA	Julien Absalon	julien-absalon-1	http://www.sports-reference.com/olympics/athletes/ab/julien-absalon-1.html
2004	mens-mountainbike-cross-country	Silver	ESP	JosÃ© Antonio Hermida	jose-antonio-hermida-1	http://www.sports-reference.com/olympics/athletes/he/jose-antonio-hermida-1.html
2004	mens-mountainbike-cross-country	Bronze	NED	Bart Brentjens	bart-brentjens-1	http://www.sports-reference.com/olympics/athletes/br/bart-brentjens-1.html
2000	mens-mountainbike-cross-country	Gold	FRA	Miguel Martinez	miguel-martinez-1	http://www.sports-reference.com/olympics/athletes/ma/miguel-martinez-1.html
2000	mens-mountainbike-cross-country	Silver	BEL	Filip Meirhaeghe	filip-meirhaeghe-1	http://www.sports-reference.com/olympics/athletes/me/filip-meirhaeghe-1.html
2000	mens-mountainbike-cross-country	Bronze	SUI	Christoph Sauser	christoph-sauser-1	http://www.sports-reference.com/olympics/athletes/sa/christoph-sauser-1.html
1996	mens-mountainbike-cross-country	Gold	NED	Bart Brentjens	bart-brentjens-1	http://www.sports-reference.com/olympics/athletes/br/bart-brentjens-1.html
1996	mens-mountainbike-cross-country	Silver	SUI	Thomas Frischknecht	thomas-frischknecht-1	http://www.sports-reference.com/olympics/athletes/fr/thomas-frischknecht-1.html
1996	mens-mountainbike-cross-country	Bronze	FRA	Miguel Martinez	miguel-martinez-1	http://www.sports-reference.com/olympics/athletes/ma/miguel-martinez-1.html
2008	mens-bmx	Gold	LAT	MÄris Å trombergs	maris-strombergs-1	http://www.sports-reference.com/olympics/athletes/st/maris-strombergs-1.html
2008	mens-bmx	Silver	USA	Mike Day	mike-day-1	http://www.sports-reference.com/olympics/athletes/da/mike-day-1.html
2008	mens-bmx	Bronze	USA	Donny Robinson	donny-robinson-1	http://www.sports-reference.com/olympics/athletes/ro/donny-robinson-1.html
2012	womens-road-race-individual	Gold	NED	Marianne Vos	marianne-vos-1	http://www.sports-reference.com/olympics/athletes/vo/marianne-vos-1.html
2012	womens-road-race-individual	Silver	GBR	Elizabeth Armitstead	elizabeth-armitstead-1	http://www.sports-reference.com/olympics/athletes/ar/elizabeth-armitstead-1.html
2012	womens-road-race-individual	Bronze	RUS	Olga Zabelinskaya	olga-zabelinskaya-1	http://www.sports-reference.com/olympics/athletes/za/olga-zabelinskaya-1.html
2008	womens-road-race-individual	Gold	GBR	Nicole Cooke	nicole-cooke-1	http://www.sports-reference.com/olympics/athletes/co/nicole-cooke-1.html
2008	womens-road-race-individual	Silver	SWE	Emma Johansson	emma-johansson-1	http://www.sports-reference.com/olympics/athletes/jo/emma-johansson-1.html
2008	womens-road-race-individual	Bronze	ITA	Tania Guderzo	tania-guderzo-1	http://www.sports-reference.com/olympics/athletes/gu/tania-guderzo-1.html
2004	womens-road-race-individual	Gold	AUS	Sara Carrigan	sara-carrigan-1	http://www.sports-reference.com/olympics/athletes/ca/sara-carrigan-1.html
2004	womens-road-race-individual	Silver	GER	Judith Arndt	judith-arndt-1	http://www.sports-reference.com/olympics/athletes/ar/judith-arndt-1.html
2004	womens-road-race-individual	Bronze	RUS	Olga Slyusareva	olga-slyusareva-1	http://www.sports-reference.com/olympics/athletes/sl/olga-slyusareva-1.html
2000	womens-road-race-individual	Gold	NED	Leontien Zijlaard-van Moorsel	leontien-zijlaard-van-moorsel-1	http://www.sports-reference.com/olympics/athletes/zi/leontien-zijlaard-van-moorsel-1.html
2000	womens-road-race-individual	Silver	GER	Hanka Kupfernagel	hanka-kupfernagel-1	http://www.sports-reference.com/olympics/athletes/ku/hanka-kupfernagel-1.html
2000	womens-road-race-individual	Bronze	LTU	Diana Å½iliÅ«tÄ	diana-ziliute-1	http://www.sports-reference.com/olympics/athletes/zi/diana-ziliute-1.html
1996	womens-road-race-individual	Gold	FRA	Jeannie Longo-Ciprelli	jeannie-longo-ciprelli-1	http://www.sports-reference.com/olympics/athletes/lo/jeannie-longo-ciprelli-1.html
1996	womens-road-race-individual	Silver	ITA	Imelda Chiappa	imelda-chiappa-1	http://www.sports-reference.com/olympics/athletes/ch/imelda-chiappa-1.html
1996	womens-road-race-individual	Bronze	CAN	Clara Hughes	clara-hughes-1	http://www.sports-reference.com/olympics/athletes/hu/clara-hughes-1.html
1992	womens-road-race-individual	Gold	AUS	Kathy Watt	kathy-watt-1	http://www.sports-reference.com/olympics/athletes/wa/kathy-watt-1.html
1992	womens-road-race-individual	Silver	FRA	Jeannie Longo-Ciprelli	jeannie-longo-ciprelli-1	http://www.sports-reference.com/olympics/athletes/lo/jeannie-longo-ciprelli-1.html
1992	womens-road-race-individual	Bronze	NED	Monique Knol	monique-knol-1	http://www.sports-reference.com/olympics/athletes/kn/monique-knol-1.html
1988	womens-road-race-individual	Gold	NED	Monique Knol	monique-knol-1	http://www.sports-reference.com/olympics/athletes/kn/monique-knol-1.html
1988	womens-road-race-individual	Silver	FRG	Jutta Niehaus	jutta-niehaus-1	http://www.sports-reference.com/olympics/athletes/ni/jutta-niehaus-1.html
1988	womens-road-race-individual	Bronze	URS	Laima ZilporytÄ	laima-zilporyte-1	http://www.sports-reference.com/olympics/athletes/zi/laima-zilporyte-1.html
1984	womens-road-race-individual	Gold	USA	Connie Carpenter-Phinney	connie-carpenter-phinney-1	http://www.sports-reference.com/olympics/athletes/ca/connie-carpenter-phinney-1.html
1984	womens-road-race-individual	Silver	USA	Rebecca Twigg	rebecca-twigg-1	http://www.sports-reference.com/olympics/athletes/tw/rebecca-twigg-1.html
1984	womens-road-race-individual	Bronze	FRG	Sandra Schumacher	sandra-schumacher-1	http://www.sports-reference.com/olympics/athletes/sc/sandra-schumacher-1.html
2012	womens-individual-time-trial	Gold	USA	Kristin Armstrong	kristin-armstrong-1	http://www.sports-reference.com/olympics/athletes/ar/kristin-armstrong-1.html
2012	womens-individual-time-trial	Silver	GER	Judith Arndt	judith-arndt-1	http://www.sports-reference.com/olympics/athletes/ar/judith-arndt-1.html
2012	womens-individual-time-trial	Bronze	RUS	Olga Zabelinskaya	olga-zabelinskaya-1	http://www.sports-reference.com/olympics/athletes/za/olga-zabelinskaya-1.html
2008	womens-individual-time-trial	Gold	USA	Kristin Armstrong	kristin-armstrong-1	http://www.sports-reference.com/olympics/athletes/ar/kristin-armstrong-1.html
2008	womens-individual-time-trial	Silver	GBR	Emma Pooley	emma-pooley-1	http://www.sports-reference.com/olympics/athletes/po/emma-pooley-1.html
2008	womens-individual-time-trial	Bronze	SUI	Karin ThÃ¼rig	karin-thurig-1	http://www.sports-reference.com/olympics/athletes/th/karin-thurig-1.html
2004	womens-individual-time-trial	Gold	NED	Leontien Zijlaard-van Moorsel	leontien-zijlaard-van-moorsel-1	http://www.sports-reference.com/olympics/athletes/zi/leontien-zijlaard-van-moorsel-1.html
2004	womens-individual-time-trial	Silver	USA	Dede Demet-Barry	dede-demet-barry-1	http://www.sports-reference.com/olympics/athletes/de/dede-demet-barry-1.html
2004	womens-individual-time-trial	Bronze	SUI	Karin ThÃ¼rig	karin-thurig-1	http://www.sports-reference.com/olympics/athletes/th/karin-thurig-1.html
2000	womens-individual-time-trial	Gold	NED	Leontien Zijlaard-van Moorsel	leontien-zijlaard-van-moorsel-1	http://www.sports-reference.com/olympics/athletes/zi/leontien-zijlaard-van-moorsel-1.html
2000	womens-individual-time-trial	Silver	USA	Mari Holden	mari-holden-1	http://www.sports-reference.com/olympics/athletes/ho/mari-holden-1.html
2000	womens-individual-time-trial	Bronze	FRA	Jeannie Longo-Ciprelli	jeannie-longo-ciprelli-1	http://www.sports-reference.com/olympics/athletes/lo/jeannie-longo-ciprelli-1.html
1996	womens-individual-time-trial	Gold	RUS	Zulfiya Zabirova	zulfiya-zabirova-1	http://www.sports-reference.com/olympics/athletes/za/zulfiya-zabirova-1.html
1996	womens-individual-time-trial	Silver	FRA	Jeannie Longo-Ciprelli	jeannie-longo-ciprelli-1	http://www.sports-reference.com/olympics/athletes/lo/jeannie-longo-ciprelli-1.html
1996	womens-individual-time-trial	Bronze	CAN	Clara Hughes	clara-hughes-1	http://www.sports-reference.com/olympics/athletes/hu/clara-hughes-1.html
2008	womens-sprint	Gold	GBR	Vicki Pendleton	vicki-pendleton-1	http://www.sports-reference.com/olympics/athletes/pe/vicki-pendleton-1.html
2008	womens-sprint	Silver	AUS	Anna Meares	anna-meares-1	http://www.sports-reference.com/olympics/athletes/me/anna-meares-1.html
2008	womens-sprint	Bronze	CHN	Guo Shuang	guo-shuang-1	http://www.sports-reference.com/olympics/athletes/gu/guo-shuang-1.html
2004	womens-sprint	Gold	CAN	Lori-Ann Muenzer	lori-ann-muenzer-1	http://www.sports-reference.com/olympics/athletes/mu/lori-ann-muenzer-1.html
2004	womens-sprint	Silver	RUS	Tamila Abasova	tamila-abasova-1	http://www.sports-reference.com/olympics/athletes/ab/tamila-abasova-1.html
2004	womens-sprint	Bronze	AUS	Anna Meares	anna-meares-1	http://www.sports-reference.com/olympics/athletes/me/anna-meares-1.html
2000	womens-sprint	Gold	FRA	FÃ©licia Ballanger	felicia-ballanger-1	http://www.sports-reference.com/olympics/athletes/ba/felicia-ballanger-1.html
2000	womens-sprint	Silver	RUS	Oksana Grishina	oksana-grishina-1	http://www.sports-reference.com/olympics/athletes/gr/oksana-grishina-1.html
2000	womens-sprint	Bronze	UKR	Iryna Yanovych	iryna-yanovych-1	http://www.sports-reference.com/olympics/athletes/ya/iryna-yanovych-1.html
1996	womens-sprint	Gold	FRA	FÃ©licia Ballanger	felicia-ballanger-1	http://www.sports-reference.com/olympics/athletes/ba/felicia-ballanger-1.html
1996	womens-sprint	Silver	AUS	Michelle Ferris	michelle-ferris-1	http://www.sports-reference.com/olympics/athletes/fe/michelle-ferris-1.html
1996	womens-sprint	Bronze	NED	Ingrid Haringa	ingrid-haringa-1	http://www.sports-reference.com/olympics/athletes/ha/ingrid-haringa-1.html
1992	womens-sprint	Gold	EST	Erika SalumÃ¤e	erika-salumae-1	http://www.sports-reference.com/olympics/athletes/sa/erika-salumae-1.html
1992	womens-sprint	Silver	GER	Annett Neumann	annett-neumann-1	http://www.sports-reference.com/olympics/athletes/ne/annett-neumann-1.html
1992	womens-sprint	Bronze	NED	Ingrid Haringa	ingrid-haringa-1	http://www.sports-reference.com/olympics/athletes/ha/ingrid-haringa-1.html
1988	womens-sprint	Gold	URS	Erika SalumÃ¤e	erika-salumae-1	http://www.sports-reference.com/olympics/athletes/sa/erika-salumae-1.html
1988	womens-sprint	Silver	GDR	Christa Rothenburger-Luding	christa-rothenburger-luding-1	http://www.sports-reference.com/olympics/athletes/ro/christa-rothenburger-luding-1.html
1988	womens-sprint	Bronze	USA	Connie Paraskevin-Young	connie-paraskevin-young-1	http://www.sports-reference.com/olympics/athletes/pa/connie-paraskevin-young-1.html
2004	womens-500-metres-time-trial	Gold	AUS	Anna Meares	anna-meares-1	http://www.sports-reference.com/olympics/athletes/me/anna-meares-1.html
2004	womens-500-metres-time-trial	Silver	CHN	Jiang Yonghua	jiang-yonghua-1	http://www.sports-reference.com/olympics/athletes/ji/jiang-yonghua-1.html
2004	womens-500-metres-time-trial	Bronze	BLR	Nataliya Tsilinskaya	nataliya-tsilinskaya-1	http://www.sports-reference.com/olympics/athletes/ts/nataliya-tsilinskaya-1.html
2000	womens-500-metres-time-trial	Gold	FRA	FÃ©licia Ballanger	felicia-ballanger-1	http://www.sports-reference.com/olympics/athletes/ba/felicia-ballanger-1.html
2000	womens-500-metres-time-trial	Silver	AUS	Michelle Ferris	michelle-ferris-1	http://www.sports-reference.com/olympics/athletes/fe/michelle-ferris-1.html
2000	womens-500-metres-time-trial	Bronze	CHN	Jiang Cuihua	jiang-cuihua-1	http://www.sports-reference.com/olympics/athletes/ji/jiang-cuihua-1.html
2012	womens-keirin	Gold	GBR	Vicki Pendleton	vicki-pendleton-1	http://www.sports-reference.com/olympics/athletes/pe/vicki-pendleton-1.html
2012	womens-keirin	Silver	CHN	Guo Shuang	guo-shuang-1	http://www.sports-reference.com/olympics/athletes/gu/guo-shuang-1.html
2012	womens-keirin	Bronze	HKG	Lee Wai Sze	lee-wai-sze-1	http://www.sports-reference.com/olympics/athletes/le/lee-wai-sze-1.html
2012	womens-team-sprint	Gold	GER	Germany		http://www.sports-reference.com/olympics/countries/GER/summer/2012/CYC/
2012	womens-team-sprint	Silver	CHN	China		http://www.sports-reference.com/olympics/countries/CHN/summer/2012/CYC/
2012	womens-team-sprint	Bronze	AUS	Australia		http://www.sports-reference.com/olympics/countries/AUS/summer/2012/CYC/
2008	womens-individual-pursuit-3000-metres	Gold	GBR	Rebecca Romero	rebecca-romero-1	http://www.sports-reference.com/olympics/athletes/ro/rebecca-romero-1.html
2008	womens-individual-pursuit-3000-metres	Silver	GBR	Wendy Houvenaghel	wendy-houvenaghel-1	http://www.sports-reference.com/olympics/athletes/ho/wendy-houvenaghel-1.html
2008	womens-individual-pursuit-3000-metres	Bronze	UKR	Lesia Kalytovska	lesia-kalytovska-1	http://www.sports-reference.com/olympics/athletes/ka/lesia-kalytovska-1.html
2004	womens-individual-pursuit-3000-metres	Gold	NZL	Sarah Ulmer	sarah-ulmer-1	http://www.sports-reference.com/olympics/athletes/ul/sarah-ulmer-1.html
2004	womens-individual-pursuit-3000-metres	Silver	AUS	Katie Mactier	katie-mactier-1	http://www.sports-reference.com/olympics/athletes/ma/katie-mactier-1.html
2004	womens-individual-pursuit-3000-metres	Bronze	NED	Leontien Zijlaard-van Moorsel	leontien-zijlaard-van-moorsel-1	http://www.sports-reference.com/olympics/athletes/zi/leontien-zijlaard-van-moorsel-1.html
2000	womens-individual-pursuit-3000-metres	Gold	NED	Leontien Zijlaard-van Moorsel	leontien-zijlaard-van-moorsel-1	http://www.sports-reference.com/olympics/athletes/zi/leontien-zijlaard-van-moorsel-1.html
2000	womens-individual-pursuit-3000-metres	Silver	FRA	Marion Clignet	marion-clignet-1	http://www.sports-reference.com/olympics/athletes/cl/marion-clignet-1.html
2000	womens-individual-pursuit-3000-metres	Bronze	GBR	Yvonne McGregor	yvonne-mcgregor-1	http://www.sports-reference.com/olympics/athletes/mc/yvonne-mcgregor-1.html
1996	womens-individual-pursuit-3000-metres	Gold	ITA	Antonella Bellutti	antonella-bellutti-1	http://www.sports-reference.com/olympics/athletes/be/antonella-bellutti-1.html
1996	womens-individual-pursuit-3000-metres	Silver	FRA	Marion Clignet	marion-clignet-1	http://www.sports-reference.com/olympics/athletes/cl/marion-clignet-1.html
1996	womens-individual-pursuit-3000-metres	Bronze	GER	Judith Arndt	judith-arndt-1	http://www.sports-reference.com/olympics/athletes/ar/judith-arndt-1.html
1992	womens-individual-pursuit-3000-metres	Gold	GER	Petra Rossner	petra-rossner-1	http://www.sports-reference.com/olympics/athletes/ro/petra-rossner-1.html
1992	womens-individual-pursuit-3000-metres	Silver	AUS	Kathy Watt	kathy-watt-1	http://www.sports-reference.com/olympics/athletes/wa/kathy-watt-1.html
1992	womens-individual-pursuit-3000-metres	Bronze	USA	Rebecca Twigg	rebecca-twigg-1	http://www.sports-reference.com/olympics/athletes/tw/rebecca-twigg-1.html
2012	womens-team-pursuit-3000-metres	Gold	GBR	Dani King	dani-king-1	http://www.sports-reference.com/olympics/athletes/ki/dani-king-1.html
2012	womens-team-pursuit-3000-metres	Silver	USA	Jennie Reed	jennie-reed-1	http://www.sports-reference.com/olympics/athletes/re/jennie-reed-1.html
2012	womens-team-pursuit-3000-metres	Bronze	CAN	Tara Whitten	tara-whitten-1	http://www.sports-reference.com/olympics/athletes/wh/tara-whitten-1.html
2008	womens-points-race	Gold	NED	Marianne Vos	marianne-vos-1	http://www.sports-reference.com/olympics/athletes/vo/marianne-vos-1.html
2008	womens-points-race	Silver	CUB	Yoanka GonzÃ¡lez	yoanka-gonzalez-1	http://www.sports-reference.com/olympics/athletes/go/yoanka-gonzalez-1.html
2008	womens-points-race	Bronze	ESP	Leire Olaberria	leire-olaberria-1	http://www.sports-reference.com/olympics/athletes/ol/leire-olaberria-1.html
2004	womens-points-race	Gold	RUS	Olga Slyusareva	olga-slyusareva-1	http://www.sports-reference.com/olympics/athletes/sl/olga-slyusareva-1.html
2004	womens-points-race	Silver	MEX	Belem Guerrero	belem-guerrero-1	http://www.sports-reference.com/olympics/athletes/gu/belem-guerrero-1.html
2004	womens-points-race	Bronze	COL	MarÃ­a Luisa Calle	maria-luisa-calle-1	http://www.sports-reference.com/olympics/athletes/ca/maria-luisa-calle-1.html
2000	womens-points-race	Gold	ITA	Antonella Bellutti	antonella-bellutti-1	http://www.sports-reference.com/olympics/athletes/be/antonella-bellutti-1.html
2000	womens-points-race	Silver	NED	Leontien Zijlaard-van Moorsel	leontien-zijlaard-van-moorsel-1	http://www.sports-reference.com/olympics/athletes/zi/leontien-zijlaard-van-moorsel-1.html
2000	womens-points-race	Bronze	RUS	Olga Slyusareva	olga-slyusareva-1	http://www.sports-reference.com/olympics/athletes/sl/olga-slyusareva-1.html
1996	womens-points-race	Gold	FRA	Nathalie Even-Lancien	nathalie-even-lancien-1	http://www.sports-reference.com/olympics/athletes/ev/nathalie-even-lancien-1.html
1996	womens-points-race	Silver	NED	Ingrid Haringa	ingrid-haringa-1	http://www.sports-reference.com/olympics/athletes/ha/ingrid-haringa-1.html
1996	womens-points-race	Bronze	AUS	Lucy Tyler-Sharman	lucy-tyler-sharman-1	http://www.sports-reference.com/olympics/athletes/ty/lucy-tyler-sharman-1.html
2012	womens-omnium	Gold	GBR	Laura Trott	laura-trott-1	http://www.sports-reference.com/olympics/athletes/tr/laura-trott-1.html
2012	womens-omnium	Silver	USA	Sarah Hammer	sarah-hammer-1	http://www.sports-reference.com/olympics/athletes/ha/sarah-hammer-1.html
2012	womens-omnium	Bronze	AUS	Annette Edmondson	annette-edmondson-1	http://www.sports-reference.com/olympics/athletes/ed/annette-edmondson-1.html
2008	womens-mountainbike-cross-country	Gold	GER	Sabine Spitz	sabine-spitz-1	http://www.sports-reference.com/olympics/athletes/sp/sabine-spitz-1.html
2008	womens-mountainbike-cross-country	Silver	POL	Maja WÅoszczowska	maja-wloszczowska-1	http://www.sports-reference.com/olympics/athletes/wl/maja-wloszczowska-1.html
2008	womens-mountainbike-cross-country	Bronze	RUS	Irina Kalentyeva	irina-kalentyeva-1	http://www.sports-reference.com/olympics/athletes/ka/irina-kalentyeva-1.html
2004	womens-mountainbike-cross-country	Gold	NOR	Gunn Rita Dahle-FlesjÃ¥	gunn-rita-dahle-flesja-1	http://www.sports-reference.com/olympics/athletes/da/gunn-rita-dahle-flesja-1.html
2004	womens-mountainbike-cross-country	Silver	CAN	Marie-HÃ©lÃ¨ne PrÃ©mont	marie-helene-premont-1	http://www.sports-reference.com/olympics/athletes/pr/marie-helene-premont-1.html
2004	womens-mountainbike-cross-country	Bronze	GER	Sabine Spitz	sabine-spitz-1	http://www.sports-reference.com/olympics/athletes/sp/sabine-spitz-1.html
2000	womens-mountainbike-cross-country	Gold	ITA	Paola Pezzo	paola-pezzo-1	http://www.sports-reference.com/olympics/athletes/pe/paola-pezzo-1.html
2000	womens-mountainbike-cross-country	Silver	SUI	Barbara Blatter	barbara-blatter-1	http://www.sports-reference.com/olympics/athletes/bl/barbara-blatter-1.html
2000	womens-mountainbike-cross-country	Bronze	ESP	Marga Fullana	marga-fullana-1	http://www.sports-reference.com/olympics/athletes/fu/marga-fullana-1.html
1996	womens-mountainbike-cross-country	Gold	ITA	Paola Pezzo	paola-pezzo-1	http://www.sports-reference.com/olympics/athletes/pe/paola-pezzo-1.html
1996	womens-mountainbike-cross-country	Silver	CAN	Alison Sydor	alison-sydor-1	http://www.sports-reference.com/olympics/athletes/sy/alison-sydor-1.html
1996	womens-mountainbike-cross-country	Bronze	USA	Susan DeMattei	susan-demattei-1	http://www.sports-reference.com/olympics/athletes/de/susan-demattei-1.html
2008	womens-bmx	Gold	FRA	Anne-Caroline Chausson	anne-caroline-chausson-1	http://www.sports-reference.com/olympics/athletes/ch/anne-caroline-chausson-1.html
2008	womens-bmx	Silver	FRA	LaÃ«titia Le CorguillÃ©	laetitia-le-corguille-1	http://www.sports-reference.com/olympics/athletes/le/laetitia-le-corguille-1.html
2008	womens-bmx	Bronze	USA	Jill Kintner	jill-kintner-1	http://www.sports-reference.com/olympics/athletes/ki/jill-kintner-1.html
